"Freq [GHz]","dB(St(Diff1,Diff1)) []","dB(St(Diff2,Diff1)) []"
0,-63.4418198835248,-0.00328356298163
1E-09,-63.4418198835255,-0.00328356298359798
1.12201845430196E-09,-63.4418198893935,-0.00328356298458293
1.25892541179417E-09,-63.4418198879286,-0.00328356298458389
1.41253754462275E-09,-63.4418198849913,-0.00328356298260338
1.58489319246111E-09,-63.4418198864553,-0.00328356298457424
1.77827941003892E-09,-63.4418198849886,-0.00328356298358254
1.99526231496888E-09,-63.441819887926,-0.00328356298456556
2.23872113856834E-09,-63.441819884985,-0.00328356298455399
2.51188643150958E-09,-63.4418198864562,-0.00328356298257154
2.81838293126445E-09,-63.4418198820561,-0.00328356298157405
3.16227766016838E-09,-63.4418198908633,-0.00328356298551193
3.54813389233575E-09,-63.4418198849863,-0.00328356298252717
3.98107170553497E-09,-63.4418198864514,-0.00328356298447971
4.46683592150963E-09,-63.4418198864549,-0.00328356298346581
5.01187233627272E-09,-63.4418198791095,-0.00328356298145057
5.62341325190349E-09,-63.4418198791073,-0.0032835629784417
6.30957344480193E-09,-63.4418198835054,-0.003283562983324
7.07945784384138E-09,-63.4418198849659,-0.0032835629842366
7.94328234724282E-09,-63.441819883495,-0.00328356298414689
8.91250938133745E-09,-63.4418198893557,-0.003283562985018
1E-08,-63.4418198908062,-0.00328356298585439
1.12201845430196E-08,-63.4418198864036,-0.00328356298370409
1.25892541179417E-08,-63.441819881979,-0.00328356298149205
1.41253754462275E-08,-63.4418198863629,-0.00328356298614283
1.58489319246111E-08,-63.4418198863404,-0.00328356298380153
1.77827941003892E-08,-63.441819890711,-0.00328356298630394
1.99526231496888E-08,-63.4418198862654,-0.00328356298275966
2.23872113856834E-08,-63.4418198891566,-0.00328356298598366
2.51188643150958E-08,-63.4418198890932,-0.00328356298506238
2.81838293126445E-08,-63.4418198934206,-0.00328356298489452
3.16227766016838E-08,-63.4418198933148,-0.00328356298639655
3.54813389233575E-08,-63.4418198873261,-0.00328356298258891
3.98107170553497E-08,-63.4418198945042,-0.00328356298620361
4.46683592150963E-08,-63.4418198972435,-0.00328356298428484
5.01187233627272E-08,-63.4418198984679,-0.00328356298655572
5.62341325190349E-08,-63.441819901088,-0.00328356298688275
6.30957344480193E-08,-63.4418199036334,-0.00328356298701106
7.07945784384138E-08,-63.441819903144,-0.00328356298366261
7.94328234724281E-08,-63.4418199069221,-0.00328356298434465
8.91250938133746E-08,-63.4418199193463,-0.0032835629865972
1E-07,-63.4418199256993,-0.00328356298388256
1.12201845430196E-07,-63.4418199362018,-0.00328356298628368
1.25892541179417E-07,-63.4418199478518,-0.0032835629849225
1.41253754462275E-07,-63.4418199649681,-0.00328356298844845
1.58489319246111E-07,-63.4418199771733,-0.00328356298444691
1.77827941003892E-07,-63.4418200034079,-0.00328356298380731
1.99526231496888E-07,-63.4418200332459,-0.00328356298605698
2.23872113856834E-07,-63.4418200767383,-0.00328356298711331
2.51188643150958E-07,-63.4418201189625,-0.00328356298605891
2.81838293126445E-07,-63.4418201771876,-0.00328356298589491
3.16227766016838E-07,-63.4418202583304,-0.00328356299131937
3.54813389233575E-07,-63.4418203545385,-0.00328356299161553
3.98107170553497E-07,-63.4418204768985,-0.0032835629938131
4.46683592150963E-07,-63.4418206245649,-0.00328356299350536
5.01187233627272E-07,-63.4418208185099,-0.0032835629979333
5.62341325190349E-07,-63.4418210559517,-0.00328356299945944
6.30957344480193E-07,-63.4418213631184,-0.00328356300515788
7.07945784384138E-07,-63.44182175259,-0.00328356301278184
7.94328234724281E-07,-63.4418222305614,-0.00328356301802591
8.91250938133746E-07,-63.4418228348047,-0.00328356302723389
1E-06,-63.4418235993183,-0.00328356303804713
1.12201845430196E-06,-63.4418245628901,-0.00328356305387097
1.25892541179417E-06,-63.4418257702752,-0.00328356307085534
1.41253754462275E-06,-63.4418272939028,-0.00328356309049936
1.58489319246111E-06,-63.4418292113559,-0.00328356311898576
1.77827941003892E-06,-63.4418316342174,-0.00328356315798151
1.99526231496888E-06,-63.4418346691957,-0.00328356320018582
2.23872113856834E-06,-63.4418384949954,-0.00328356325475073
2.51188643150958E-06,-63.4418433172575,-0.00328356332694732
2.81838293126445E-06,-63.4418493817334,-0.00328356341417382
3.16227766016838E-06,-63.4418570195723,-0.0032835635244005
3.54813389233575E-06,-63.4418666318374,-0.00328356366403871
3.98107170553497E-06,-63.44187873667,-0.00328356383917084
4.46683592150963E-06,-63.4418939774728,-0.00328356406273052
5.01187233627272E-06,-63.4419131654751,-0.00328356434143874
5.62341325190349E-06,-63.4419373152443,-0.00328356469212168
6.30957344480193E-06,-63.4419677213898,-0.00328356513480151
7.07945784384138E-06,-63.4420059996021,-0.00328356569244467
7.94328234724281E-06,-63.4420541871292,-0.00328356639252171
8.91250938133746E-06,-63.4421148594687,-0.00328356727638707
1E-05,-63.4421912404962,-0.00328356838972181
1.12201845430196E-05,-63.4422873903038,-0.00328356978460386
1.25892541179417E-05,-63.4424084446099,-0.00328357154552192
1.41253754462276E-05,-63.4425608455918,-0.00328357376308084
1.58489319246111E-05,-63.4427527164099,-0.00328357655826168
1.77827941003892E-05,-63.4429942687208,-0.00328358006753463
1.99526231496888E-05,-63.4432983824957,-0.00328358449043561
2.23872113856834E-05,-63.443681259645,-0.00328359005752412
2.51188643150958E-05,-63.4441633097608,-0.00328359707150798
2.81838293126445E-05,-63.4447702278949,-0.00328360589382261
3.16227766016838E-05,-63.4455343722736,-0.00328361700071913
3.54813389233575E-05,-63.4464965094722,-0.00328363098543108
3.98107170553497E-05,-63.4477079973053,-0.00328364859786478
4.46683592150963E-05,-63.4492334979405,-0.00328367076648334
5.01187233627273E-05,-63.4511545254945,-0.00328369867073091
5.62341325190349E-05,-63.453573813138,-0.00328373380599127
6.30957344480193E-05,-63.4566208673977,-0.00328377803132555
7.07945784384137E-05,-63.4604590303352,-0.00328383371219272
7.94328234724282E-05,-63.4652943987871,-0.00328390381055957
8.91250938133746E-05,-63.4713871602015,-0.00328399205078346
0.0001,-63.4790660716671,-0.00328410314398919
0.000112201845430196,-63.4887468619167,-0.00328424299436859
0.000125892541179417,-63.5009558799576,-0.00328441905212788
0.000141253754462276,-63.5163604833503,-0.00328464068508268
0.000158489319246111,-63.5358083831595,-0.00328491969005844
0.000177827941003892,-63.5603788497957,-0.00328527092188429
0.000199526231496888,-63.591449880324,-0.00328571305621842
0.000223872113856834,-63.6307872957265,-0.0032862696176522
0.000251188643150958,-63.6806640265226,-0.00328697020133043
0.000281838293126446,-63.7440222604974,-0.00328785205585908
0.000316227766016838,-63.8246972422806,-0.00328896202363374
0.000354813389233575,-63.9277322363449,-0.00329035906595956
0.000398107170553497,-64.0598312477521,-0.00329211731577857
0.000446683592150963,-64.230026805566,-0.00329433001021475
0.000501187233627273,-64.4506936912851,-0.00329711435550409
0.000562341325190349,-64.7391405113475,-0.00330061767385483
0.000630957344480193,-65.120206118142,-0.00330502505573318
0.000707945784384137,-65.6306849255207,-0.00331056897781855
0.000794328234724282,-66.3272382934461,-0.0033175413416963
0.000891250938133746,-67.3011694166775,-0.00332630857720784
0.001,-68.7059550075104,-0.00333733569752775
0.00112201845430196,-70.323882291501,-0.0033515415991018
0.00125892541179417,-71.6010339386786,-0.00336877358952186
0.00141253754462276,-72.2388515638425,-0.0033879774903002
0.00158489319246111,-72.1399354058328,-0.00340839845468213
0.00177827941003892,-71.5408203169406,-0.00342978125722446
0.00199526231496888,-70.7767767967171,-0.00345240627853046
0.00223872113856834,-70.0706475422508,-0.00347699041035616
0.00251188643150958,-69.5216135879949,-0.00350451538055691
0.00281838293126445,-69.1548576925528,-0.00353604941758012
0.00316227766016838,-68.9564542340786,-0.00357261001257394
0.00354813389233575,-68.8909786943959,-0.00361509070312836
0.00398107170553497,-68.9122385807011,-0.00366422451188495
0.00446683592150963,-68.9743894427103,-0.00372107411010243
0.00501187233627272,-69.0398724296834,-0.00378597892849965
0.00562341325190349,-69.0910176034714,-0.00386005314459858
0.00630957344480193,-69.1254012296126,-0.00394449686948649
0.00707945784384137,-69.1503436016609,-0.0040407210600949
0.00794328234724282,-69.1742377153687,-0.00415035172689931
0.00891250938133746,-69.2013995205908,-0.00427515974656625
0.01,-69.2314315395327,-0.00441698558849017
0.0112201845430196,-69.2618664774294,-0.00457767587405037
0.0125892541179417,-69.2919051758834,-0.00475904906189492
0.0141253754462276,-69.324952600755,-0.00496290474999338
0.0158489319246111,-69.368504995401,-0.00519107715065939
0.0177827941003892,-69.4317966301608,-0.00544551059705432
0.0199526231496888,-69.5232816392389,-0.00572833799986265
0.0223872113856834,-69.6499942453238,-0.00604194732819175
0.0251188643150958,-69.8193218136626,-0.00638902791550866
0.0281838293126445,-70.0418236765893,-0.00677262625507947
0.0316227766016838,-70.3332436787552,-0.00719623172397813
0.0354813389233575,-70.7152044508685,-0.00766386032361159
0.0398107170553497,-71.216060225752,-0.00818009389261875
0.0446683592150963,-71.8736899919302,-0.00875007754547904
0.0501187233627272,-72.7452228602936,-0.00937950391644964
0.0562341325190349,-73.924011490876,-0.010074652911868
0.0630957344480193,-75.5834743498246,-0.0108425149837098
0.0707945784384137,-78.082659803617,-0.0116908742899299
0.0794328234724282,-82.4073831040482,-0.0126283127104975
0.0891250938133746,-93.267676218949,-0.01366437386315
0.1,-85.2903692110758,-0.0148095772997423
0.11,-74.9244555201498,-0.0153935709916651
0.12,-70.7115451238712,-0.0160199715280919
0.13,-68.2780410779876,-0.0166860489985025
0.14,-66.7573741272164,-0.0173891744173793
0.15,-65.8186463251456,-0.0181267846675371
0.16,-65.2915260603705,-0.0188963465446212
0.17,-65.0647225187769,-0.0196953459914458
0.18,-65.0453920530791,-0.0205213058649607
0.19,-65.1372756320651,-0.0213718169264351
0.2,-65.229344787606,-0.02224456311569
0.21,-65.2004548475674,-0.0231373309589945
0.22,-64.9480505601065,-0.0240480044483665
0.23,-64.4291762882512,-0.0249745534016315
0.24,-63.6761173685224,-0.0259150236285059
0.25,-62.7682631421706,-0.0268675337207803
0.26,-61.7893627445093,-0.0278302791634622
0.27,-60.8027463025131,-0.0288015416645321
0.28,-59.8474486376741,-0.029779700567822
0.29,-58.9438035110609,-0.0307632435031054
0.3,-58.1001881280345,-0.0317507743577641
0.31,-57.3180875863195,-0.0327410176799038
0.32,-56.5953125051805,-0.0337328194439728
0.33,-55.9278910972883,-0.0347251446332849
0.34,-55.3111360088532,-0.0357170723449876
0.35,-54.7402271768391,-0.0367077891754778
0.36,-54.2105179752634,-0.0376965815760875
0.37,-53.7176848934896,-0.0386828277423871
0.38,-53.2577894249835,-0.039665989459404
0.39,-52.8272913448271,-0.0406456041939845
0.4,-52.4230358272948,-0.041621277617119
0.41,-52.0422273288826,-0.0425926766561396
0.42,-51.6823976791348,-0.0435595231175112
0.43,-51.3413726253493,-0.0445215878817043
0.44,-51.0172391933825,-0.0454786856473233
0.45,-50.708315108673,-0.0464306701883262
0.46,-50.413120857727,-0.0473774300822105
0.47,-50.130354579966,-0.0483188848654691
0.48,-49.8588697557481,-0.0492549815742946
0.49,-49.5976555339023,-0.0501856916311038
0.5,-49.3458194815223,-0.0511110080411721
0.51,-49.102572515651,-0.0520309428671697
0.52,-48.8672157753125,-0.0529455249530016
0.53,-48.6391292036135,-0.0538547978715319
0.54,-48.4177616272917,-0.0547588180736414
0.55,-48.202622141644,-0.0556576532186656
0.56,-47.9932726296602,-0.0565513806684619
0.57,-47.7893212644638,-0.0574400861292988
0.58,-47.5904168631934,-0.0583238624274408
0.59,-47.3962439772595,-0.0592028084057974
0.6,-47.2065186194581,-0.0600770279303014
0.61,-47.0209845417749,-0.0609466289957573
0.62,-46.8394099894992,-0.0618117229220218
0.63,-46.6615848675775,-0.0626724236321376
0.64,-46.487318263952,-0.0635288470048998
0.65,-46.3164362823189,-0.0643811102950756
0.66,-46.1487801433372,-0.0652293316150033
0.67,-45.9842045189431,-0.0660736294720821
0.68,-45.8225760693504,-0.066914122356885
0.69,-45.6637721564349,-0.0677509283774115
0.7,-45.5076797108279,-0.0685841649351639
0.71,-45.3541942331021,-0.0694139484391914
0.72,-45.2032189120646,-0.0702403940546789
0.73,-45.0546638454766,-0.0710636154828561
0.74,-44.9084453504295,-0.0718837247692584
0.75,-44.764485352308,-0.0727008321378472
0.76,-44.6227108427354,-0.0735150458484001
0.77,-44.4830533981057,-0.0743264720750746
0.78,-44.345448751426,-0.0751352148041625
0.79,-44.2098364110718,-0.0759413757490963
0.8,-44.0761593209403,-0.0767450542811396
0.81,-43.944363557099,-0.0775463473741814
0.82,-43.814398056704,-0.0783453495622782
0.83,-43.6862143754396,-0.0791421529086459
0.84,-43.5597664702208,-0.0799368469849508
0.85,-43.4350105042753,-0.0807295188598593
0.86,-43.3119046720898,-0.0815202530958593
0.87,-43.1904090419762,-0.0823091317534926
0.88,-43.070485414327,-0.0830962344021777
0.89,-42.9520971938096,-0.0838816381368811
0.9,-42.8352092739755,-0.084665417600026
0.91,-42.719787932954,-0.0854476450079485
0.92,-42.6058007390124,-0.0862283901813866
0.93,-42.4932164649479,-0.0870077205795205
0.94,-42.3820050103676,-0.087785701337057
0.95,-42.2721373310216,-0.0885623953039439
0.96,-42.1635853744661,-0.0893378630873595
0.97,-42.0563220213833,-0.0901121630956283
0.98,-41.9503210320009,-0.0908853515837043
0.99,-41.8455569970635,-0.0916574827000057
1,-41.7420052929238,-0.0924286085342451
1.01,-41.639642040324,-0.0931987791661429
1.02,-41.5384440665052,-0.0939680427147034
1.03,-41.4383888703205,-0.0947364453879215
1.04,-41.3394545900561,-0.0955040315327223
1.05,-41.2416199737015,-0.0962708436849929
1.06,-41.1448643514316,-0.097036922619584
1.07,-41.0491676100943,-0.0978023074000546
1.08,-40.9545101695152,-0.0985670354282576
1.09,-40.860872960448,-0.0993311424934083
1.1,-40.7682374040293,-0.100094662820746
1.11,-40.676585392584,-0.100857629119637
1.12,-40.5858992716814,-0.101620072631041
1.13,-40.4961618233169,-0.102382023174289
1.14,-40.4073562501247,-0.103143509193151
1.15,-40.3194661605349,-0.103904557801104
1.16,-40.2324755547954,-0.104665194825792
1.17,-40.1463688117808,-0.105425444852629
1.18,-40.0611306765299,-0.106185331267522
1.19,-39.976746248449,-0.106944876298737
1.2,-39.8932009701309,-0.107704101057771
1.21,-39.8104806167321,-0.108463025579359
1.22,-39.7285712858856,-0.109221668860508
1.23,-39.6474593880813,-0.109980048898621
1.24,-39.5671316375042,-0.110738182728601
1.25,-39.487575043279,-0.11149608645909
1.26,-39.4087769011074,-0.112253775307688
1.27,-39.3307247852553,-0.113011263635279
1.28,-39.2534065408778,-0.113768564979352
1.29,-39.1768102766577,-0.114525692086487
1.3,-39.1009243577254,-0.115282656943812
1.31,-39.0257373988635,-0.116039470809618
1.32,-38.9512382579585,-0.116796144243038
1.33,-38.8774160296936,-0.117552687132862
1.34,-38.8042600394701,-0.118309108725459
1.35,-38.7317598375384,-0.119065417651821
1.36,-38.6599051933328,-0.119821621953806
1.37,-38.5886860899912,-0.120577729109514
1.38,-38.5180927190593,-0.121333746057865
1.39,-38.4481154753664,-0.122089679222361
1.4,-38.3787449520541,-0.122845534534094
1.41,-38.3099719357684,-0.123601317453956
1.42,-38.2417874019951,-0.124357032994133
1.43,-38.174182510531,-0.125112685738858
1.44,-38.1071486010948,-0.125868279864429
1.45,-38.0406771890608,-0.126623819158573
1.46,-37.9747599613164,-0.127379307039096
1.47,-37.9093887722388,-0.128134746571889
1.48,-37.8445556397751,-0.128890140488299
1.49,-37.7802527416445,-0.129645491201841
1.5,-37.7164724116275,-0.130400800824342
1.51,-37.6532071359711,-0.131156071181455
1.52,-37.5904495498752,-0.131911303827641
1.53,-37.5281924340829,-0.132666500060525
1.54,-37.4664287115517,-0.133421660934774
1.55,-37.4051514442189,-0.134176787275423
1.56,-37.3443538298404,-0.134931879690658
1.57,-37.2840291989212,-0.135686938584162
1.58,-37.2241710117137,-0.136441964166923
1.59,-37.164772855298,-0.137196956468615
1.6,-37.1058284407335,-0.13795191534849
1.61,-37.0473316002791,-0.138706840505864
1.62,-36.989276284686,-0.139461731490161
1.63,-36.9316565605532,-0.140216587710548
1.64,-36.8744666077535,-0.140971408445162
1.65,-36.8177007169131,-0.14172619284998
1.66,-36.7613532869613,-0.142480939967299
1.67,-36.705418822736,-0.14323564873382
1.68,-36.6498919326458,-0.143990317988462
1.69,-36.5947673263895,-0.144744946479763
1.7,-36.5400398127307,-0.145499532873014
1.71,-36.4857042973239,-0.146254075757028
1.72,-36.431755780594,-0.147008573650643
1.73,-36.3781893556652,-0.147763025008916
1.74,-36.3250002063404,-0.148517428229046
1.75,-36.2721836051241,-0.149271781655993
1.76,-36.2197349112997,-0.150026083587881
1.77,-36.1676495690425,-0.150780332281101
1.78,-36.1159231055851,-0.15153452595521
1.79,-36.064551129422,-0.152288662797557
1.8,-36.0135293285556,-0.153042740967703
1.81,-35.9628534687854,-0.153796758601628
1.82,-35.9125193920366,-0.154550713815708
1.83,-35.8625230147257,-0.155304604710498
1.84,-35.8128603261669,-0.156058429374322
1.85,-35.7635273870135,-0.156812185886677
1.86,-35.7145203277358,-0.157565872321443
1.87,-35.665835347136,-0.158319486749915
1.88,-35.6174687108946,-0.159073027243734
1.89,-35.5694167501531,-0.159826491877524
1.9,-35.5216758601268,-0.16057987873152
1.91,-35.4742424987527,-0.16133318589396
1.92,-35.4271131853666,-0.16208641146333
1.93,-35.3802844994082,-0.162839553550536
1.94,-35.3337530791632,-0.163592610280886
1.95,-35.2875156205274,-0.164345579795985
1.96,-35.2415688758003,-0.165098460255437
1.97,-35.1959096525102,-0.165851249838569
1.98,-35.150534812262,-0.16660394674589
1.99,-35.1054412696142,-0.167356549200537
2,-35.060625990979,-0.168109055449611
2.01,-35.0160859935503,-0.168861463765367
2.02,-34.971818344253,-0.169613772446368
2.03,-34.9278201587202,-0.170365979818511
2.04,-34.8840886002899,-0.171118084235994
2.05,-34.8406208790263,-0.171870084082181
2.06,-34.7974142507641,-0.172621977770389
2.07,-34.7544660161724,-0.173373763744616
2.08,-34.7117735198424,-0.174125440480202
2.09,-34.6693341493921,-0.174877006484382
2.1,-34.6271453345958,-0.175628460296823
2.11,-34.5852045465307,-0.176379800490072
2.12,-34.5435092967418,-0.177131025669951
2.13,-34.5020571364279,-0.177882134475906
2.14,-34.460845655645,-0.17863312558127
2.15,-34.4198724825276,-0.179383997693515
2.16,-34.3791352825271,-0.180134749554447
2.17,-34.3386317576683,-0.180885379940341
2.18,-34.2983596458223,-0.181635887662022
2.19,-34.2583167199946,-0.182386271564952
2.2,-34.2185007876301,-0.183136530529215
2.21,-34.1789096899351,-0.183886663469539
2.22,-34.1395413012106,-0.184636669335204
2.23,-34.1003935282041,-0.185386547109981
2.24,-34.0614643094745,-0.186136295811996
2.25,-34.0227516147711,-0.186885914493604
2.26,-33.9842534444264,-0.187635402241184
2.27,-33.9459678287613,-0.188384758174982
2.28,-33.9078928275073,-0.189133981448837
2.29,-33.8700265292355,-0.189883071249973
2.3,-33.8323670508047,-0.190632026798698
2.31,-33.7949125368164,-0.191380847348136
2.32,-33.7576611590847,-0.192129532183917
2.33,-33.7206111161168,-0.192878080623831
2.34,-33.6837606326063,-0.193626492017522
2.35,-33.6471079589352,-0.194374765746084
2.36,-33.6106513706895,-0.195122901221728
2.37,-33.5743891681826,-0.195870897887384
2.38,-33.5383196759914,-0.196618755216293
2.39,-33.5024412425028,-0.19736647271162
2.4,-33.4667522394672,-0.198114049906039
2.41,-33.4312510615653,-0.19886148636127
2.42,-33.3959361259801,-0.199608781667694
2.43,-33.3608058719842,-0.200355935443865
2.44,-33.325858760529,-0.201102947336112
2.45,-33.2910932738484,-0.201849817018028
2.46,-33.2565079150683,-0.202596544190059
2.47,-33.2221012078243,-0.203343128579016
2.48,-33.1878716958912,-0.204089569937603
2.49,-33.153817942814,-0.204835868043973
2.5,-33.119938531553,-0.205582022701214
2.51,-33.0862320641331,-0.206328033736917
2.52,-33.0526971613024,-0.207073901002662
2.53,-33.0193324621955,-0.207819624373562
2.54,-32.9861366240079,-0.208565203747782
2.55,-32.9531083216726,-0.209310639046054
2.56,-32.9202462475479,-0.210055930211194
2.57,-32.8875491111097,-0.210801077207639
2.58,-32.855015638649,-0.211546080020964
2.59,-32.8226445729791,-0.212290938657408
2.6,-32.7904346731469,-0.213035653143393
2.61,-32.758384714149,-0.21378022352506
2.62,-32.7264934866567,-0.214524649867811
2.63,-32.6947597967457,-0.215268932255815
2.64,-32.6631824656288,-0.216013070791581
2.65,-32.6317603293999,-0.21675706559547
2.66,-32.6004922387756,-0.217500916805253
2.67,-32.5693770588502,-0.218244624575662
2.68,-32.5384136688504,-0.218988189077934
2.69,-32.5076009618955,-0.219731610499373
2.7,-32.4769378447655,-0.220474889042896
2.71,-32.4464232376712,-0.221218024926634
2.72,-32.4160560740306,-0.221961018383451
2.73,-32.3858353002477,-0.222703869660573
2.74,-32.3557598754995,-0.223446579019116
2.75,-32.3258287715235,-0.224189146733721
2.76,-32.2960409724116,-0.224931573092106
2.77,-32.2663954744077,-0.225673858394678
2.78,-32.2368912857104,-0.22641600295413
2.79,-32.2075274262775,-0.227158007095046
2.8,-32.1783029276354,-0.227899871153523
2.81,-32.1492168326944,-0.228641595476788
2.82,-32.1202681955643,-0.229383180422788
2.83,-32.0914560813759,-0.230124626359868
2.84,-32.0627795661048,-0.23086593366638
2.85,-32.0342377364004,-0.231607102730326
2.86,-32.0058296894161,-0.232348133949003
2.87,-31.977554532645,-0.233089027728667
2.88,-31.9494113837563,-0.233829784484175
2.89,-31.9213993704391,-0.234570404638663
2.9,-31.8935176302434,-0.235310888623216
2.91,-31.8657653104294,-0.236051236876516
2.92,-31.8381415678172,-0.236791449844587
2.93,-31.8106455686407,-0.237531527980403
2.94,-31.7832764884018,-0.238271471743656
2.95,-31.7560335117312,-0.239011281600404
2.96,-31.7289158322483,-0.239750958022805
2.97,-31.7019226524273,-0.24049050148882
2.98,-31.6750531834617,-0.241229912481914
2.99,-31.6483066451352,-0.24196919149083
3,-31.6216822656933,-0.242708339009253
3.01,-31.5951792817171,-0.243447355535593
3.02,-31.5687969380008,-0.244186241572701
3.03,-31.5425344874299,-0.244924997627639
3.04,-31.5163911908619,-0.245663624211392
3.05,-31.4903663170121,-0.246402121838672
3.06,-31.4644591423367,-0.247140491027654
3.07,-31.4386689509226,-0.247878732299747
3.08,-31.4129950343756,-0.248616846179369
3.09,-31.387436691714,-0.249354833193746
3.1,-31.3619932292613,-0.250092693872658
3.11,-31.3366639605431,-0.250830428748261
3.12,-31.3114482061841,-0.251568038354879
3.13,-31.2863452938082,-0.252305523228787
3.14,-31.26135455794,-0.253042883908033
3.15,-31.2364753399086,-0.253780120932243
3.16,-31.2117069877518,-0.254517234842437
3.17,-31.1870488561235,-0.255254226180845
3.18,-31.1625003062023,-0.255991095490748
3.19,-31.1380607056011,-0.256727843316289
3.2,-31.1137294282794,-0.257464470202309
3.21,-31.0895058544564,-0.258200976694205
3.22,-31.0653893705258,-0.258937363337761
3.23,-31.0413793689727,-0.259673630679
3.24,-31.0174752482908,-0.260409779264024
3.25,-30.9936764129017,-0.261145809638893
3.26,-30.9699822730768,-0.261881722349476
3.27,-30.9463922448576,-0.262617517941319
3.28,-30.9229057499811,-0.263353196959509
3.29,-30.899522215803,-0.264088759948554
3.3,-30.8762410752254,-0.264824207452265
3.31,-30.8530617666221,-0.265559540013639
3.32,-30.8299837337699,-0.266294758174732
3.33,-30.8070064257761,-0.267029862476564
3.34,-30.7841292970112,-0.267764853459004
3.35,-30.7613518070399,-0.268499731660673
3.36,-30.738673420556,-0.269234497618843
3.37,-30.7160936073158,-0.269969151869346
3.38,-30.6936118420736,-0.270703694946476
3.39,-30.6712276045193,-0.271438127382899
3.4,-30.6489403792158,-0.272172449709582
3.41,-30.6267496555376,-0.272906662455707
3.42,-30.6046549276111,-0.273640766148571
3.43,-30.5826556942549,-0.274374761313554
3.44,-30.5607514589219,-0.275108648473999
3.45,-30.5389417296423,-0.275842428151181
3.46,-30.517226018967,-0.276576100864226
3.47,-30.4956038439126,-0.277309667130049
3.48,-30.4740747259057,-0.2780431274633
3.49,-30.4526381907316,-0.278776482376286
3.5,-30.4312937684791,-0.279509732378956
3.51,-30.4100409934908,-0.280242877978808
3.52,-30.3888794043102,-0.280975919680866
3.53,-30.3678085436328,-0.281708857987629
3.54,-30.3468279582564,-0.282441693399028
3.55,-30.3259371990316,-0.283174426412374
3.56,-30.3051358208154,-0.283907057522327
3.57,-30.2844233824229,-0.284639587220868
3.58,-30.2637994465815,-0.28537201599725
3.59,-30.2432635798849,-0.286104344337977
3.6,-30.2228153527486,-0.286836572726768
3.61,-30.2024543393653,-0.28756870164453
3.62,-30.182180117661,-0.288300731569346
3.63,-30.1619922692539,-0.289032662976431
3.64,-30.141890379409,-0.289764496338107
3.65,-30.121874037,-0.290496232123829
3.66,-30.1019428344658,-0.291227870800104
3.67,-30.0820963677712,-0.291959412830532
3.68,-30.0623342363673,-0.292690858675749
3.69,-30.0426560431522,-0.293422208793442
3.7,-30.0230613944318,-0.294153463638325
3.71,-30.0035498998831,-0.294884623662137
3.72,-29.9841211725158,-0.295615689313636
3.73,-29.964774828636,-0.296346661038586
3.74,-29.9455104878096,-0.29707753927976
3.75,-29.9263277728265,-0.297808324476935
3.76,-29.9072263096659,-0.298539017066892
3.77,-29.8882057274608,-0.299269617483416
3.78,-29.8692656584641,-0.300000126157298
3.79,-29.8504057380155,-0.30073054351634
3.8,-29.8316256045071,-0.301460869985341
3.81,-29.8129248993517,-0.302191105986145
3.82,-29.7943032669497,-0.302921251937598
3.83,-29.7757603546577,-0.303651308255602
3.84,-29.7572958127572,-0.304381275353079
3.85,-29.7389092944233,-0.30511115364002
3.86,-29.7206004556947,-0.305840943523473
3.87,-29.7023689554432,-0.30657064540757
3.88,-29.6842144553437,-0.307300259693521
3.89,-29.6661366198467,-0.308029786779655
3.9,-29.6481351161469,-0.308759227061413
3.91,-29.6302096141571,-0.309488580931367
3.92,-29.6123597864786,-0.310217848779257
3.93,-29.5945853083742,-0.310947030991973
3.94,-29.5768858577411,-0.311676127953613
3.95,-29.5592611150837,-0.312405140045475
3.96,-29.5417107634871,-0.313134067646091
3.97,-29.5242344885908,-0.313862911131232
3.98,-29.506831978563,-0.31459167087395
3.99,-29.4895029240757,-0.315320347244586
4,-29.4722470182783,-0.316048940610806
4.01,-29.4550639567738,-0.316777451337599
4.02,-29.4379534375941,-0.317505879787335
4.03,-29.4209151611759,-0.318234226319764
4.04,-29.4039488303365,-0.318962491292043
4.05,-29.3870541502508,-0.319690675058784
4.06,-29.3702308284276,-0.320418777972053
4.07,-29.3534785746873,-0.32114680038141
4.08,-29.3367971011387,-0.321874742633926
4.09,-29.320186122157,-0.322602605074232
4.1,-29.3036453543617,-0.323330388044529
4.11,-29.2871745165947,-0.324058091884611
4.12,-29.2707733298993,-0.324785716931906
4.13,-29.2544415174987,-0.325513263521506
4.14,-29.2381788047747,-0.326240731986198
4.15,-29.221984919248,-0.326968122656461
4.16,-29.2058595905567,-0.327695435860549
4.17,-29.1898025504371,-0.328422671924477
4.18,-29.1738135327034,-0.329149831172068
4.19,-29.1578922732278,-0.329876913924994
4.2,-29.1420385099217,-0.330603920502781
4.21,-29.1262519827162,-0.331330851222864
4.22,-29.110532433543,-0.332057706400606
4.23,-29.0948796063164,-0.332784486349326
4.24,-29.0792932469138,-0.333511191380338
4.25,-29.0637731031589,-0.334237821802991
4.26,-29.0483189248019,-0.334964377924659
4.27,-29.0329304635037,-0.335690860050837
4.28,-29.0176074728166,-0.336417268485128
4.29,-29.002349708168,-0.337143603529254
4.3,-28.9871569268427,-0.337869865483159
4.31,-28.9720288879665,-0.33859605464499
4.32,-28.956965352489,-0.33932217131112
4.33,-28.9419660831673,-0.34004821577622
4.34,-28.9270308445491,-0.340774188333264
4.35,-28.912159402958,-0.341500089273542
4.36,-28.8973515264757,-0.342225918886759
4.37,-28.8826069849274,-0.342951677460989
4.38,-28.8679255498659,-0.343677365282752
4.39,-28.8533069945563,-0.344402982637043
4.4,-28.8387510939605,-0.345128529807335
4.41,-28.8242576247226,-0.345854007075648
4.42,-28.8098263651537,-0.346579414722559
4.43,-28.7954570952171,-0.347304753027228
4.44,-28.7811495965142,-0.348030022267451
4.45,-28.7669036522697,-0.348755222719668
4.46,-28.7527190473179,-0.349480354659012
4.47,-28.7385955680878,-0.350205418359327
4.48,-28.7245330025904,-0.350930414093195
4.49,-28.7105311404038,-0.351655342131998
4.5,-28.6965897726606,-0.352380202745899
4.51,-28.6827086920341,-0.353104996203918
4.52,-28.6688876927246,-0.353829722773935
4.53,-28.6551265704473,-0.354554382722729
4.54,-28.641425122418,-0.355278976315996
4.55,-28.627783147342,-0.356003503818411
4.56,-28.6142004453998,-0.356727965493608
4.57,-28.6006768182352,-0.357452361604258
4.58,-28.5872120689433,-0.358176692412054
4.59,-28.5738060020575,-0.358900958177784
4.6,-28.5604584235379,-0.359625159161334
4.61,-28.5471691407595,-0.360349295621696
4.62,-28.5339379624992,-0.361073367817049
4.63,-28.5207646989253,-0.361797376004731
4.64,-28.5076491615856,-0.362521320441317
4.65,-28.4945911633956,-0.363245201382606
4.66,-28.4815905186273,-0.363969019083664
4.67,-28.4686470428981,-0.364692773798862
4.68,-28.4557605531592,-0.365416465781885
4.69,-28.4429308676855,-0.366140095285761
4.7,-28.4301578060639,-0.3668636625629
4.71,-28.4174411891828,-0.367587167865103
4.72,-28.4047808392219,-0.368310611443601
4.73,-28.392176579641,-0.369033993549076
4.74,-28.3796282351698,-0.369757314431678
4.75,-28.3671356317975,-0.370480574341063
4.76,-28.3546985967634,-0.371203773526412
4.77,-28.3423169585456,-0.371926912236462
4.78,-28.3299905468519,-0.372649990719496
4.79,-28.3177191926093,-0.373373009223426
4.8,-28.3055027279548,-0.374095967995768
4.81,-28.2933409862255,-0.374818867283682
4.82,-28.2812338019487,-0.375541707333991
4.83,-28.2691810108329,-0.376264488393222
4.84,-28.2571824497582,-0.376987210707602
4.85,-28.2452379567673,-0.377709874523088
4.86,-28.2333473710555,-0.378432480085398
4.87,-28.2215105329626,-0.379155027640033
4.88,-28.2097272839636,-0.379877517432279
4.89,-28.1979974666595,-0.38059994970725
4.9,-28.1863209247686,-0.381322324709897
4.91,-28.1746975031179,-0.382044642685031
4.92,-28.1631270476347,-0.382766903877343
4.93,-28.1516094053375,-0.383489108531427
4.94,-28.140144424328,-0.38421125689179
4.95,-28.1287319537822,-0.38493334920289
4.96,-28.1173718439429,-0.385655385709125
4.97,-28.106063946111,-0.38637736665488
4.98,-28.0948081126371,-0.387099292284545
4.99,-28.0836041969144,-0.387821162842502
5,-28.0724520533697,-0.388542978573171
5.01,-28.061351537456,-0.389264739721025
5.02,-28.0503025056448,-0.389986446530609
5.03,-28.0393048154183,-0.390708099246532
5.04,-28.0283583252616,-0.391429698113506
5.05,-28.0174628946553,-0.392151243376383
5.06,-28.0066183840677,-0.392872735280106
5.07,-27.9958246549485,-0.393594174069802
5.08,-27.9850815697193,-0.394315559990734
5.09,-27.9743889917686,-0.395036893288366
5.1,-27.9637467854432,-0.39575817420834
5.11,-27.9531548160417,-0.396479402996503
5.12,-27.9426129498068,-0.397200579898931
5.13,-27.9321210539193,-0.397921705161943
5.14,-27.9216789964904,-0.398642779032092
5.15,-27.9112866465548,-0.399363801756213
5.16,-27.9009438740647,-0.400084773581403
5.17,-27.8906505498818,-0.400805694755056
5.18,-27.8804065457723,-0.401526565524862
5.19,-27.8702117343988,-0.402247386138837
5.2,-27.8600659893144,-0.402968156845312
5.21,-27.8499691849567,-0.403688877892973
5.22,-27.8399211966405,-0.404409549530831
5.23,-27.8299219005518,-0.405130172008309
5.24,-27.819971173742,-0.405850745575144
5.25,-27.810068894121,-0.406571270481497
5.26,-27.8002149404515,-0.407291746977892
5.27,-27.7904091923427,-0.408012175315311
5.28,-27.7806515302442,-0.408732555745102
5.29,-27.7709418354402,-0.409452888519056
5.3,-27.7612799900437,-0.410173173889393
5.31,-27.7516658769902,-0.410893412108801
5.32,-27.7420993800321,-0.411613603430385
5.33,-27.732580383733,-0.412333748107749
5.34,-27.7231087734622,-0.413053846394934
5.35,-27.7136844353885,-0.413773898546493
5.36,-27.7043072564753,-0.41449390481744
5.37,-27.6949771244745,-0.415213865463306
5.38,-27.685693927921,-0.415933780740106
5.39,-27.6764575561279,-0.416653650904363
5.4,-27.6672678991807,-0.417373476213154
5.41,-27.6581248479314,-0.41809325692404
5.42,-27.6490282939944,-0.418812993295131
5.43,-27.6399781297405,-0.419532685585084
5.44,-27.6309742482918,-0.420252334053061
5.45,-27.6220165435167,-0.420971938958833
5.46,-27.6131049100248,-0.421691500562677
5.47,-27.6042392431617,-0.422411019125453
5.48,-27.5954194390045,-0.423130494908587
5.49,-27.5866453943561,-0.423849928174079
5.5,-27.5779170067408,-0.424569319184496
5.51,-27.5692341743998,-0.425288668202996
5.52,-27.5605967962852,-0.42600797549333
5.53,-27.5520047720568,-0.42672724131982
5.54,-27.5434580020759,-0.427446465947369
5.55,-27.534956387402,-0.428165649641548
5.56,-27.5264998297869,-0.428884792668454
5.57,-27.518088231671,-0.429603895294831
5.58,-27.5097214961786,-0.430322957788007
5.59,-27.501399527113,-0.431041980415944
5.6,-27.4931222289527,-0.431760963447213
5.61,-27.4848895068462,-0.432479907151
5.62,-27.4767012666082,-0.433198811797097
5.63,-27.4685574147155,-0.43391767765596
5.64,-27.4604578583016,-0.434636504998617
5.65,-27.4524025051539,-0.43535529409675
5.66,-27.4443912637081,-0.436074045222689
5.67,-27.4364240430453,-0.436792758649341
5.68,-27.4285007528871,-0.437511434650299
5.69,-27.4206213035913,-0.438230073499743
5.7,-27.4127856061484,-0.438948675472531
5.71,-27.4049935721778,-0.439667240844112
5.72,-27.397245113923,-0.440385769890594
5.73,-27.389540144248,-0.441104262888739
5.74,-27.3818785766336,-0.441822720115893
5.75,-27.3742603251736,-0.44254114185009
5.76,-27.3666853045704,-0.443259528369969
5.77,-27.3591534301318,-0.443977879954812
5.78,-27.351664617767,-0.444696196884547
5.79,-27.3442187839824,-0.445414479439735
5.8,-27.336815845879,-0.446132727901545
5.81,-27.3294557211478,-0.446850942551847
5.82,-27.3221383280666,-0.447569123673049
5.83,-27.314863585496,-0.44828727154827
5.84,-27.3076314128764,-0.449005386461233
5.85,-27.3004417302239,-0.449723468696289
5.86,-27.2932944581277,-0.450441518538404
5.87,-27.2861895177454,-0.451159536273219
5.88,-27.2791268308005,-0.451877522186943
5.89,-27.2721063195787,-0.452595476566439
5.9,-27.2651279069244,-0.453313399699159
5.91,-27.2581915162378,-0.45403129187325
5.92,-27.2512970714711,-0.454749153377393
5.93,-27.2444444971254,-0.455466984500911
5.94,-27.2376337182476,-0.456184785533781
5.95,-27.2308646604271,-0.456902556766505
5.96,-27.2241372497923,-0.457620298490269
5.97,-27.2174514130081,-0.458338010996824
5.98,-27.2108070772723,-0.459055694578528
5.99,-27.2042041703126,-0.459773349528345
6,-27.1976426203834,-0.460490976139826
6.01,-27.1911223562631,-0.461208574707094
6.02,-27.1846433072508,-0.461926145524919
6.03,-27.1782054031636,-0.462643688888584
6.04,-27.1718085743331,-0.463361205094001
6.05,-27.1654527516034,-0.464078694437624
6.06,-27.1591378663269,-0.464796157216501
6.07,-27.1528638503628,-0.465513593728266
6.08,-27.1466306360733,-0.466231004271061
6.09,-27.1404381563211,-0.466948389143653
6.1,-27.1342863444668,-0.467665748645307
6.11,-27.1281751343656,-0.468383083075882
6.12,-27.1221044603652,-0.469100392735791
6.13,-27.1160742573027,-0.469817677925922
6.14,-27.1100844605018,-0.470534938947764
6.15,-27.1041350057706,-0.471252176103343
6.16,-27.0982258293986,-0.471969389695166
6.17,-27.092356868154,-0.472686580026309
6.18,-27.0865280592814,-0.473403747400342
6.19,-27.0807393404991,-0.474120892121324
6.2,-27.0749906499966,-0.474838014493894
6.21,-27.0692819264319,-0.475555114823104
6.22,-27.0636131089292,-0.476272193414602
6.23,-27.0579841370767,-0.476989250574424
6.24,-27.0523949509232,-0.477706286609177
6.25,-27.0468454909769,-0.478423301825895
6.26,-27.041335698202,-0.479140296532151
6.27,-27.0358655140169,-0.479857271035881
6.28,-27.0304348802916,-0.480574225645609
6.29,-27.0250437393456,-0.481291160670163
6.3,-27.019692033945,-0.482008076419039
6.31,-27.0143797073011,-0.482724973201973
6.32,-27.0091067030672,-0.483441851329248
6.33,-27.0038729653374,-0.484158711111557
6.34,-26.9986784386431,-0.484875552860016
6.35,-26.9935230679521,-0.485592376886169
6.36,-26.9884067986651,-0.48630918350197
6.37,-26.983329576615,-0.487025973019802
6.38,-26.9782913480634,-0.487742745752403
6.39,-26.9732920596993,-0.488459502012946
6.4,-26.9683316586366,-0.489176242115016
6.41,-26.9634100924124,-0.489892966372507
6.42,-26.9585273089848,-0.490609675099747
6.43,-26.9536832567304,-0.491326368611434
6.44,-26.9488778844429,-0.492043047222596
6.45,-26.9441111413308,-0.492759711248634
6.46,-26.9393829770156,-0.493476361005304
6.47,-26.9346933415294,-0.494192996808697
6.48,-26.9300421853137,-0.49490961897524
6.49,-26.9254294592165,-0.495626227821693
6.5,-26.9208551144916,-0.496342823665136
6.51,-26.9163191027954,-0.49705940682297
6.52,-26.9118213761861,-0.497775977612883
6.53,-26.9073618871213,-0.498492536352898
6.54,-26.9029405884561,-0.499209083361294
6.55,-26.8985574334418,-0.499925618956624
6.56,-26.8942123757238,-0.500642143457825
6.57,-26.8899053693395,-0.501358657183983
6.58,-26.8856363687169,-0.502075160454487
6.59,-26.881405328673,-0.502791653589018
6.6,-26.8772122044119,-0.503508136907458
6.61,-26.8730569515226,-0.504224610729993
6.62,-26.8689395259785,-0.504941075376967
6.63,-26.8648598841345,-0.505657531169036
6.64,-26.8608179827259,-0.506373978426987
6.65,-26.8568137788667,-0.507090417471881
6.66,-26.8528472300482,-0.507806848624988
6.67,-26.8489182941369,-0.508523272207738
6.68,-26.8450269293734,-0.509239688541768
6.69,-26.8411730943703,-0.509956097948936
6.7,-26.8373567481115,-0.510672500751206
6.71,-26.8335778499494,-0.511388897270783
6.72,-26.8298363596046,-0.512105287829945
6.73,-26.8261322371638,-0.512821672751224
6.74,-26.822465443078,-0.513538052357224
6.75,-26.8188359381619,-0.514254426970684
6.76,-26.8152436835915,-0.514970796914551
6.77,-26.8116886409035,-0.515687162511809
6.78,-26.8081707719928,-0.516403524085616
6.79,-26.8046900391127,-0.517119881959199
6.8,-26.8012464048714,-0.517836236455842
6.81,-26.7978398322327,-0.518552587899072
6.82,-26.7944702845131,-0.519268936612367
6.83,-26.7911377253812,-0.51998528291927
6.84,-26.7878421188561,-0.520701627143481
6.85,-26.7845834293061,-0.521417969608738
6.86,-26.7813616214475,-0.522134310638802
6.87,-26.7781766603432,-0.522850650557488
6.88,-26.7750285114014,-0.523566989688613
6.89,-26.7719171403743,-0.524283328356151
6.9,-26.7688425133569,-0.524999666883941
6.91,-26.765804596786,-0.525716005595926
6.92,-26.7628033574383,-0.526432344816042
6.93,-26.7598387624299,-0.527148684868192
6.94,-26.7569107792148,-0.527865026076331
6.95,-26.7540193755834,-0.528581368764343
6.96,-26.7511645196622,-0.529297713256119
6.97,-26.7483461799114,-0.530014059875514
6.98,-26.745564325125,-0.530730408946293
6.99,-26.7428189244286,-0.531446760792268
7,-26.7401099472792,-0.532163115737121
7.01,-26.7374373634633,-0.532879474104466
7.02,-26.7348011430964,-0.533595836217933
7.03,-26.7322012566215,-0.534312202400939
7.04,-26.7296376748083,-0.535028572976985
7.05,-26.727110368752,-0.535744948269304
7.06,-26.7246193098723,-0.536461328601124
7.07,-26.7221644699125,-0.537177714295596
7.08,-26.7197458209379,-0.537894105675639
7.09,-26.7173633353357,-0.538610503064121
7.1,-26.7150169858134,-0.539326906783837
7.11,-26.712706745398,-0.540043317157293
7.12,-26.7104325874347,-0.540759734506991
7.13,-26.7081944855864,-0.541476159155172
7.14,-26.7059924138327,-0.542192591423974
7.15,-26.7038263464688,-0.542909031635364
7.16,-26.7016962581043,-0.543625480111088
7.17,-26.699602123663,-0.544341937172783
7.18,-26.6975439183814,-0.545058403141792
7.19,-26.6955216178081,-0.545774878339323
7.2,-26.6935351978027,-0.54649136308638
7.21,-26.6915846345351,-0.54720785770372
7.22,-26.6896699044849,-0.547924362511906
7.23,-26.6877909844399,-0.548640877831261
7.24,-26.6859478514957,-0.54935740398181
7.25,-26.6841404830552,-0.55007394128343
7.26,-26.6823688568269,-0.550790490055728
7.27,-26.6806329508249,-0.551507050617959
7.28,-26.678932743368,-0.552223623289219
7.29,-26.6772682130783,-0.552940208388263
7.3,-26.6756393388813,-0.553656806233597
7.31,-26.6740461000045,-0.554373417143424
7.32,-26.6724884759772,-0.555090041435651
7.33,-26.670966446629,-0.555806679427911
7.34,-26.6694799920901,-0.55652333143743
7.35,-26.6680290927897,-0.557239997781215
7.36,-26.6666137294556,-0.557956678775932
7.37,-26.6652338831138,-0.558673374737811
7.38,-26.6638895350874,-0.559390085982955
7.39,-26.6625806669962,-0.560106812826878
7.4,-26.661307260756,-0.560823555584894
7.41,-26.6600692985778,-0.561540314571871
7.42,-26.6588667629673,-0.562257090102378
7.43,-26.6576996367242,-0.562973882490595
7.44,-26.656567902942,-0.563690692050258
7.45,-26.6554715450063,-0.564407519094747
7.46,-26.6544105465958,-0.56512436393712
7.47,-26.6533848916803,-0.565841226889871
7.48,-26.6523945645207,-0.566558108265239
7.49,-26.6514395496687,-0.567275008374951
7.5,-26.6505198319658,-0.567991927530304
7.51,-26.6496353965427,-0.568708866042259
7.52,-26.6487862288195,-0.569425824221226
7.53,-26.6479723145043,-0.570142802377265
7.54,-26.6471936395931,-0.570859800819891
7.55,-26.6464501903692,-0.571576819858225
7.56,-26.645741953403,-0.57229385980089
7.57,-26.6450689155508,-0.573010920956059
7.58,-26.6444310639553,-0.573728003631442
7.59,-26.6438283860444,-0.574445108134154
7.6,-26.6432608695309,-0.575162234770958
7.61,-26.6427285024122,-0.575879383848065
7.62,-26.6422312729698,-0.576596555671138
7.63,-26.6417691697689,-0.577313750545391
7.64,-26.6413421816579,-0.578030968775459
7.65,-26.6409502977678,-0.578748210665498
7.66,-26.6405935075128,-0.579465476519151
7.67,-26.6402718005879,-0.58018276663943
7.68,-26.639985166971,-0.580900081328882
7.69,-26.6397335969208,-0.581617420889493
7.7,-26.6395170809767,-0.582334785622668
7.71,-26.639335609959,-0.583052175829271
7.72,-26.6391891749682,-0.58376959180956
7.73,-26.6390777673847,-0.584487033863283
7.74,-26.6390013788684,-0.585204502289517
7.75,-26.6389600013584,-0.585921997386805
7.76,-26.6389536270732,-0.586639519453116
7.77,-26.6389822485095,-0.587357068785751
7.78,-26.6390458584427,-0.588074645681507
7.79,-26.639144449926,-0.58879225043642
7.8,-26.6392780162907,-0.589509883346006
7.81,-26.6394465511456,-0.59022754470517
7.82,-26.6396500483767,-0.59094523480814
7.83,-26.6398885021473,-0.591662953948504
7.84,-26.6401619068975,-0.592380702419246
7.85,-26.6404702573439,-0.59309848051269
7.86,-26.6408135484796,-0.593816288520443
7.87,-26.6411917755738,-0.59453412673354
7.88,-26.6416049341719,-0.595251995442304
7.89,-26.6420530200952,-0.595969894936401
7.9,-26.6425360294401,-0.596687825504774
7.91,-26.6430539585791,-0.597405787435744
7.92,-26.6436068041597,-0.598123781016924
7.93,-26.6441945631046,-0.598841806535222
7.94,-26.6448172326114,-0.599559864276857
7.95,-26.6454748101527,-0.600277954527317
7.96,-26.6461672934759,-0.600996077571385
7.97,-26.646894680603,-0.601714233693156
7.98,-26.6476569698304,-0.602432423176029
7.99,-26.6484541597289,-0.603150646302527
8,-26.6492862491439,-0.603868903354598
8.01,-26.6501532371948,-0.604587194613401
8.02,-26.6510551232753,-0.605305520359382
8.03,-26.6519919070531,-0.606023880872098
8.04,-26.6529635884699,-0.606742276430545
8.05,-26.6539701677416,-0.607460707312831
8.06,-26.655011645358,-0.608179173796355
8.07,-26.6560880220826,-0.608897676157688
8.08,-26.657199298953,-0.60961621467268
8.09,-26.658345477281,-0.610334789616428
8.1,-26.6595265586515,-0.611053401263152
8.11,-26.660742544924,-0.611772049886371
8.12,-26.6619934382315,-0.612490735758731
8.13,-26.6632792409813,-0.613209459152122
8.14,-26.6645999558543,-0.613928220337628
8.15,-26.6659555858054,-0.614647019585482
8.16,-26.6673461340639,-0.615365857165151
8.17,-26.6687716041325,-0.616084733345368
8.18,-26.6702319997889,-0.616803648393746
8.19,-26.6717273250844,-0.617522602577453
8.2,-26.6732575843449,-0.618241596162527
8.21,-26.6748227821705,-0.618960629414261
8.22,-26.6764229234361,-0.61967970259718
8.23,-26.6780580132908,-0.620398815974812
8.24,-26.6797280571587,-0.621117969809973
8.25,-26.6814330607386,-0.62183716436457
8.26,-26.6831730300046,-0.622556399899592
8.27,-26.6849479712052,-0.623275676675302
8.28,-26.686757890865,-0.623994994950875
8.29,-26.6886027957832,-0.62471435498483
8.3,-26.6904826930354,-0.625433757034709
8.31,-26.6923975899724,-0.626153201357098
8.32,-26.6943474942211,-0.626872688207862
8.33,-26.6963324136846,-0.627592217841842
8.34,-26.6983523565422,-0.628311790513024
8.35,-26.70040733125,-0.62903140647447
8.36,-26.7024973465406,-0.62975106597837
8.37,-26.7046224114237,-0.630470769276009
8.38,-26.7067825351862,-0.631190516617766
8.39,-26.7089777273926,-0.631910308252998
8.4,-26.711207997885,-0.632630144430312
8.41,-26.7134733567835,-0.633350025397172
8.42,-26.7157738144867,-0.63406995140034
8.43,-26.7181093816712,-0.634789922685527
8.44,-26.7204800692929,-0.635509939497485
8.45,-26.7228858885868,-0.636230002080083
8.46,-26.7253268510671,-0.636950110676229
8.47,-26.7278029685279,-0.63767026552783
8.48,-26.7303142530436,-0.638390466875888
8.49,-26.7328607169684,-0.639110714960496
8.5,-26.7354423729373,-0.639831010020691
8.51,-26.7380592338678,-0.640551352294553
8.52,-26.7407113129568,-0.641271742019258
8.53,-26.7433986236842,-0.641992179431075
8.54,-26.7461211798117,-0.642712664765034
8.55,-26.7488789953842,-0.643433198255482
8.56,-26.7516720847287,-0.644153780135623
8.57,-26.754500462456,-0.644874410637616
8.58,-26.7573641434611,-0.645595089992893
8.59,-26.7602631429224,-0.6463158184316
8.6,-26.7631974763035,-0.647036596183027
8.61,-26.7661671593529,-0.647757423475473
8.62,-26.7691722081048,-0.648478300536163
8.63,-26.7722126388792,-0.649199227591437
8.64,-26.7752884682825,-0.649920204866476
8.65,-26.7783997132085,-0.650641232585525
8.66,-26.7815463908376,-0.651362310971881
8.67,-26.784728518639,-0.652083440247646
8.68,-26.7879461143697,-0.652804620634139
8.69,-26.791199196076,-0.653525852351345
8.7,-26.7944877820932,-0.654247135618455
8.71,-26.7978118910474,-0.654968470653659
8.72,-26.8011715418541,-0.655689857673876
8.73,-26.804566753721,-0.65641129689528
8.74,-26.8079975461465,-0.657132788532713
8.75,-26.8114639389219,-0.65785433280016
8.76,-26.8149659521309,-0.658575929910534
8.77,-26.8185036061508,-0.659297580075714
8.78,-26.8220769216527,-0.660019283506397
8.79,-26.825685919602,-0.660741040412356
8.8,-26.8293306212601,-0.661462851002262
8.81,-26.8330110481836,-0.6621847154838
8.82,-26.8367272222255,-0.66290663406338
8.83,-26.8404791655363,-0.663628606946624
8.84,-26.8442669005639,-0.664350634337886
8.85,-26.8480904500549,-0.665072716440508
8.86,-26.8519498370549,-0.665794853456753
8.87,-26.8558450849091,-0.666517045587853
8.88,-26.8597762172634,-0.667239293033903
8.89,-26.863743258065,-0.667961595993906
8.9,-26.8677462315626,-0.668683954665865
8.91,-26.8717851623078,-0.669406369246605
8.92,-26.8758600751556,-0.670128839931966
8.93,-26.8799709952647,-0.670851366916468
8.94,-26.8841179480995,-0.67157395039388
8.95,-26.8883009594291,-0.672296590556476
8.96,-26.8925200553296,-0.673019287595915
8.97,-26.8967752621838,-0.673742041702279
8.98,-26.901066606683,-0.674464853064874
8.99,-26.9053941158272,-0.67518772187172
9,-26.9097578169255,-0.675910648309805
9.01,-26.9141577375981,-0.676633632564974
9.02,-26.9185939057762,-0.67735667482203
9.03,-26.9230663497028,-0.678079775264529
9.04,-26.9275750979345,-0.678802934075089
9.05,-26.9321201793412,-0.679526151435017
9.06,-26.9367016231081,-0.680249427524683
9.07,-26.9413194587355,-0.68097276252321
9.08,-26.9459737160405,-0.681696156608648
9.09,-26.9506644251575,-0.682419609957836
9.1,-26.9553916165395,-0.683143122746661
9.11,-26.9601553209587,-0.683866695149688
9.12,-26.9649555695074,-0.68459032734053
9.13,-26.9697923935992,-0.685314019491438
9.14,-26.97466582497,-0.686037771773771
9.15,-26.9795758956788,-0.686761584357614
9.16,-26.9845226381086,-0.687485457411887
9.17,-26.9895060849678,-0.68820939110455
9.18,-26.9945262692908,-0.68893338560219
9.19,-26.9995832244394,-0.689657441070321
9.2,-27.0046769841034,-0.690381557673551
9.21,-27.0098075823018,-0.691105735574843
9.22,-27.0149750533842,-0.691829974936478
9.23,-27.0201794320318,-0.692554275919362
9.24,-27.0254207532577,-0.693278638683253
9.25,-27.0306990524092,-0.694003063386912
9.26,-27.036014365168,-0.694727550187735
9.27,-27.0413667275515,-0.695452099242062
9.28,-27.0467561759146,-0.69617671070515
9.29,-27.0521827469498,-0.696901384731011
9.3,-27.0576464776886,-0.69762612147233
9.31,-27.0631474055042,-0.698350921080956
9.32,-27.0686855681101,-0.699075783707408
9.33,-27.0742610035631,-0.699800709501067
9.34,-27.079873750264,-0.700525698609996
9.35,-27.0855238469592,-0.701250751181359
9.36,-27.0912113327408,-0.701975867360982
9.37,-27.0969362470494,-0.702701047293496
9.38,-27.102698629674,-0.703426291122519
9.39,-27.1084985207543,-0.704151598990341
9.4,-27.1143359607813,-0.704876971038226
9.41,-27.1202109905988,-0.705602407405993
9.42,-27.1261236514047,-0.706327908232675
9.43,-27.1320739847527,-0.70705347365579
9.44,-27.138062032553,-0.707779103811798
9.45,-27.1440878370739,-0.70850479883604
9.46,-27.1501514409436,-0.709230558862646
9.47,-27.1562528871507,-0.709956384024444
9.48,-27.1623922190466,-0.710682274453295
9.49,-27.1685694803462,-0.711408230279769
9.5,-27.1747847151292,-0.712134251633202
9.51,-27.1810379678424,-0.712860338641697
9.52,-27.1873292833001,-0.713586491432418
9.53,-27.1936587066864,-0.714312710131155
9.54,-27.2000262835564,-0.71503899486251
9.55,-27.2064320598373,-0.71576534574993
9.56,-27.2128760818305,-0.71649176291576
9.57,-27.2193583962125,-0.717218246480952
9.58,-27.2258790500375,-0.717944796565448
9.59,-27.2324380907375,-0.718671413287937
9.6,-27.2390355661251,-0.71939809676602
9.61,-27.2456715243944,-0.720124847115809
9.62,-27.2523460141227,-0.720851664452631
9.63,-27.2590590842722,-0.721578548890216
9.64,-27.265810784192,-0.722305500541408
9.65,-27.2726011636189,-0.723032519517799
9.66,-27.2794302726797,-0.723759605929504
9.67,-27.2862981618927,-0.72448675988591
9.68,-27.2932048821693,-0.725213981494829
9.69,-27.3001504848161,-0.725941270863097
9.7,-27.3071350215357,-0.72666862809618
9.71,-27.3141585444297,-0.727396053298539
9.72,-27.3212211059993,-0.728123546573203
9.73,-27.328322759148,-0.728851108022315
9.74,-27.3354635571825,-0.729578737746485
9.75,-27.3426435538154,-0.730306435845401
9.76,-27.3498628031661,-0.731034202417303
9.77,-27.3571213597633,-0.731762037559409
9.78,-27.3644192785472,-0.732489941367805
9.79,-27.3717566148698,-0.733217913937082
9.8,-27.3791334244987,-0.733945955360883
9.81,-27.3865497636176,-0.734674065731514
9.82,-27.3940056888291,-0.735402245140321
9.83,-27.4015012571562,-0.73613049367712
9.84,-27.4090365260439,-0.736858811430657
9.85,-27.4166115533626,-0.737587198488652
9.86,-27.4242263974081,-0.738315654937321
9.87,-27.4318811169053,-0.739044180861838
9.88,-27.4395757710091,-0.739772776346221
9.89,-27.4473104193074,-0.740501441473199
9.9,-27.4550851218223,-0.741230176324357
9.91,-27.4628999390127,-0.741958980980078
9.92,-27.4707549317762,-0.742687855519406
9.93,-27.4786501614517,-0.743416800020394
9.94,-27.4865856898205,-0.744145814559763
9.95,-27.4945615791096,-0.744874899213077
9.96,-27.5025778919931,-0.745604054054649
9.97,-27.5106346915951,-0.746333279157709
9.98,-27.518732041491,-0.747062574594077
9.99,-27.5268700057106,-0.747791940434643
10,-27.5350486487401,-0.748521376748922
10.01,-27.5432680355238,-0.749250883605107
10.02,-27.5515282314678,-0.749980461070487
10.03,-27.5598293024405,-0.750710109210993
10.04,-27.5681713147764,-0.751439828091374
10.05,-27.5765543352783,-0.752169617775232
10.06,-27.5849784312184,-0.752899478324762
10.07,-27.5934436703424,-0.753629409801188
10.08,-27.6019501208711,-0.754359412264488
10.09,-27.6104978515027,-0.755089485773272
10.1,-27.6190869314157,-0.755819630385346
10.11,-27.6277174302712,-0.756549846156892
10.12,-27.6363894182153,-0.757280133143022
10.13,-27.645102965882,-0.758010491397832
10.14,-27.6538581443954,-0.758740920974077
10.15,-27.6626550253727,-0.759471421923215
10.16,-27.6714936809259,-0.760201994295644
10.17,-27.6803741836658,-0.760932638140601
10.18,-27.6892966067036,-0.761663353505981
10.19,-27.6982610236539,-0.76239414043869
10.2,-27.7072675086377,-0.76312499898417
10.21,-27.7163161362845,-0.763855929186946
10.22,-27.7254069817355,-0.764586931090156
10.23,-27.7345401206465,-0.765318004735827
10.24,-27.7437156291906,-0.766049150164755
10.25,-27.7529335840603,-0.766780367416656
10.26,-27.7621940624716,-0.767511656529982
10.27,-27.7714971421659,-0.768243017541746
10.28,-27.7808429014134,-0.768974450488276
10.29,-27.7902314190162,-0.769705955404333
10.3,-27.7996627743104,-0.770437532323608
10.31,-27.8091370471696,-0.771169181278651
10.32,-27.8186543180088,-0.771900902300668
10.33,-27.8282146677856,-0.772632695419831
10.34,-27.8378181780048,-0.773364560665209
10.35,-27.8474649307206,-0.774096498064297
10.36,-27.8571550085404,-0.774828507643824
10.37,-27.8668884946275,-0.77556058942922
10.38,-27.8766654727041,-0.776292743444611
10.39,-27.8864860270551,-0.777024969713097
10.4,-27.8963502425306,-0.777757268256401
10.41,-27.9062582045502,-0.7784896390953
10.42,-27.916209999105,-0.779222082249213
10.43,-27.9262057127619,-0.779954597736523
10.44,-27.9362454326665,-0.780687185574316
10.45,-27.9463292465467,-0.781419845778441
10.46,-27.9564572427162,-0.782152578363964
10.47,-27.9666295100767,-0.782885383344226
10.48,-27.976846138124,-0.783618260731787
10.49,-27.9871072169485,-0.78435121053788
10.5,-27.9974128372407,-0.785084232772588
10.51,-28.0077630902941,-0.785817327444824
10.52,-28.0181580680092,-0.786550494562267
10.53,-28.0285978628962,-0.787283734131729
10.54,-28.0390825680798,-0.788017046158453
10.55,-28.0496122773018,-0.788750430646689
10.56,-28.0601870849258,-0.789483887599504
10.57,-28.0708070859404,-0.790217417018998
10.58,-28.0814723759629,-0.790951018905688
10.59,-28.0921830512436,-0.791684693259278
10.6,-28.1029392086694,-0.792418440078231
10.61,-28.1137409457672,-0.79315225935982
10.62,-28.1245883607089,-0.793886151100219
10.63,-28.1354815523142,-0.794620115294229
10.64,-28.1464206200554,-0.795354151935668
10.65,-28.1574056640615,-0.796088261017406
10.66,-28.1684367851214,-0.796822442530694
10.67,-28.1795140846886,-0.79755669646598
10.68,-28.1906376648857,-0.798291022812383
10.69,-28.2018076285076,-0.799025421558065
10.7,-28.2130240790268,-0.799759892689887
10.71,-28.2242871205968,-0.800494436193548
10.72,-28.2355968580566,-0.801229052053652
10.73,-28.2469533969355,-0.801963740253673
10.74,-28.2583568434566,-0.802698500775948
10.75,-28.2698073045424,-0.803433333601545
10.76,-28.2813048878178,-0.804168238710598
10.77,-28.2928497016161,-0.804903216082015
10.78,-28.3044418549816,-0.805638265693357
10.79,-28.3160814576768,-0.806373387521622
10.8,-28.3277686201841,-0.80710858154174
10.81,-28.3395034537129,-0.807843847728506
10.82,-28.3512860702028,-0.808579186054868
10.83,-28.3631165823289,-0.80931459649319
10.84,-28.3749951035062,-0.810050079014124
10.85,-28.3869217478951,-0.81078563358767
10.86,-28.3988966304055,-0.811521260182283
10.87,-28.4109198667021,-0.8122569587659
10.88,-28.4229915732094,-0.812992729304569
10.89,-28.4351118671164,-0.813728571764045
10.9,-28.4472808663821,-0.814464486108117
10.91,-28.4594986897399,-0.815200472300222
10.92,-28.4717654567033,-0.815936530301969
10.93,-28.4840812875708,-0.81667266007451
10.94,-28.4964463034313,-0.817408861577237
10.95,-28.5088606261693,-0.818145134769176
10.96,-28.5213243784703,-0.818881479607533
10.97,-28.5338376838258,-0.819617896048936
10.98,-28.5464006665384,-0.820354384048225
10.99,-28.5590134517295,-0.821090943560196
11,-28.5716761653411,-0.821827574537453
11.01,-28.5843889341452,-0.822564276932249
11.02,-28.5971518857461,-0.823301050695169
11.03,-28.6099651485886,-0.824037895776294
11.04,-28.622828851962,-0.824774812124054
11.05,-28.6357431260069,-0.825511799686043
11.06,-28.6487081017204,-0.82624885840885
11.07,-28.6617239109625,-0.82698598823773
11.08,-28.6747906864615,-0.827723189117147
11.09,-28.6879085618203,-0.828460460990217
11.1,-28.7010776715221,-0.829197803798946
11.11,-28.7142981509373,-0.829935217484449
11.12,-28.7275701363282,-0.830672701986618
11.13,-28.7408937648571,-0.831410257244437
11.14,-28.7542691745903,-0.83214788319541
11.15,-28.7676965045066,-0.832885579776418
11.16,-28.7811758945022,-0.833623346923131
11.17,-28.794707485398,-0.834361184569967
11.18,-28.8082914189447,-0.835099092650454
11.19,-28.8219278378317,-0.835837071096943
11.2,-28.835616885691,-0.83657511984055
11.21,-28.8493587071068,-0.837313238811931
11.22,-28.8631534476187,-0.838051427940083
11.23,-28.8770012537318,-0.838789687152963
11.24,-28.8909022729213,-0.839528016377832
11.25,-28.9048566536413,-0.840266415540667
11.26,-28.9188645453294,-0.841004884566195
11.27,-28.932926098416,-0.84174342337853
11.28,-28.94704146433,-0.842482031900318
11.29,-28.9612107955068,-0.843220710053443
11.3,-28.9754342453949,-0.843959457758439
11.31,-28.9897119684633,-0.844698274935045
11.32,-29.0040441202096,-0.845437161502131
11.33,-29.0184308571661,-0.846176117376959
11.34,-29.0328723369085,-0.846915142476001
11.35,-29.0473687180633,-0.847654236714897
11.36,-29.0619201603142,-0.848393400008024
11.37,-29.0765268244118,-0.84913263226876
11.38,-29.0911888721799,-0.849871933409589
11.39,-29.1059064665239,-0.850611303341715
11.4,-29.1206797714384,-0.851350741975353
11.41,-29.1355089520156,-0.852090249219876
11.42,-29.1503941744531,-0.852829824983463
11.43,-29.1653356060627,-0.853569469173492
11.44,-29.1803334152774,-0.85430918169596
11.45,-29.1953877716603,-0.85504896245606
11.46,-29.2104988459136,-0.855788811357784
11.47,-29.2256668098863,-0.856528728304671
11.48,-29.2408918365825,-0.857268713198429
11.49,-29.2561741001711,-0.858008765940256
11.5,-29.271513775993,-0.85874888643016
11.51,-29.2869110405718,-0.859489074567413
11.52,-29.3023660716206,-0.860229330249963
11.53,-29.3178790480519,-0.860969653374781
11.54,-29.3334501499871,-0.861710043837999
11.55,-29.349079558765,-0.862450501534705
11.56,-29.3647674569506,-0.863191026358872
11.57,-29.3805140283448,-0.863931618203351
11.58,-29.3963194579952,-0.864672276960718
11.59,-29.4121839322019,-0.865413002521688
11.6,-29.4281076385306,-0.866153794776208
11.61,-29.4440907658207,-0.866894653613471
11.62,-29.4601335041953,-0.867635578921929
11.63,-29.4762360450704,-0.868376570588187
11.64,-29.4923985811654,-0.869117628498648
11.65,-29.5086213065129,-0.86985875253825
11.66,-29.5249044164689,-0.870599942591311
11.67,-29.5412481077233,-0.871341198541078
11.68,-29.5576525783086,-0.872082520269638
11.69,-29.5741180276126,-0.872823907658396
11.7,-29.5906446563865,-0.873565360587518
11.71,-29.6072326667571,-0.874306878936269
11.72,-29.6238822622371,-0.875048462583149
11.73,-29.6405936477352,-0.875790111405341
11.74,-29.6573670295681,-0.876531825279654
11.75,-29.6742026154697,-0.877273604081231
11.76,-29.6911006146035,-0.878015447684715
11.77,-29.708061237574,-0.878757355963509
11.78,-29.7250846964367,-0.879499328790458
11.79,-29.7421712047105,-0.880241366037027
11.8,-29.7593209773883,-0.880983467574017
11.81,-29.7765342309501,-0.881725633271335
11.82,-29.7938111833719,-0.882467862997632
11.83,-29.8111520541408,-0.883210156620841
11.84,-29.8285570642644,-0.883952514008016
11.85,-29.846026436284,-0.884694935025086
11.86,-29.863560394286,-0.885437419537086
11.87,-29.881159163915,-0.886179967408373
11.88,-29.8988229723855,-0.88692257850212
11.89,-29.9165520484941,-0.88766525268044
11.9,-29.9343466226331,-0.888407989804964
11.91,-29.952206926802,-0.889150789736199
11.92,-29.9701331946208,-0.889893652333339
11.93,-29.9881256613436,-0.890636577455589
11.94,-30.0061845638701,-0.891379564960024
11.95,-30.0243101407599,-0.892122614703924
11.96,-30.0425026322459,-0.892865726543039
11.97,-30.0607622802472,-0.893608900332375
11.98,-30.0790893283815,-0.894352135926005
11.99,-30.0974840219819,-0.895095433177055
12,-30.1159466081074,-0.895838791938133
12.01,-30.1344773355586,-0.896582212060413
12.02,-30.1530764548904,-0.89732569339424
12.03,-30.1717442184285,-0.898069235789574
12.04,-30.1904808802809,-0.898812839095163
12.05,-30.2092866963536,-0.89955650315849
12.06,-30.2281619243652,-0.90030022782658
12.07,-30.2471068238623,-0.901044012945772
12.08,-30.2661216562321,-0.901787858361113
12.09,-30.2852066847198,-0.902531763916867
12.1,-30.3043621744423,-0.903275729456942
12.11,-30.3235883924024,-0.90401975482319
12.12,-30.3428856075071,-0.904763839857719
12.13,-30.3622540905812,-0.905507984401639
12.14,-30.381694114382,-0.906252188294443
12.15,-30.4012059536162,-0.906996451375538
12.16,-30.4207898849575,-0.907740773482993
12.17,-30.440446187059,-0.908485154454421
12.18,-30.4601751405723,-0.909229594126411
12.19,-30.479977028162,-0.909974092334337
12.2,-30.4998521345242,-0.910718648913532
12.21,-30.5198007464008,-0.911463263697737
12.22,-30.5398231525974,-0.912207936519974
12.23,-30.5599196440011,-0.91295266721277
12.24,-30.5800905135961,-0.913697455607796
12.25,-30.6003360564803,-0.914442301535335
12.26,-30.6206565698864,-0.915187204825451
12.27,-30.6410523531947,-0.915932165307236
12.28,-30.6615237079531,-0.916677182808506
12.29,-30.6820709378955,-0.917422257156991
12.3,-30.7026943489582,-0.918167388178962
12.31,-30.7233942492989,-0.91891257570001
12.32,-30.744170949316,-0.919657819545361
12.33,-30.7650247616643,-0.920403119538902
12.34,-30.7859560012758,-0.921148475504092
12.35,-30.8069649853782,-0.921893887263046
12.36,-30.8280520335124,-0.922639354637702
12.37,-30.8492174675538,-0.923384877448655
12.38,-30.8704616117293,-0.924130455516181
12.39,-30.8917847926385,-0.924876088659342
12.4,-30.9131873392717,-0.925621776696692
12.41,-30.9346695830309,-0.926367519445885
12.42,-30.9562318577487,-0.927113316723791
12.43,-30.9778744997087,-0.92785916834634
12.44,-30.9995978476659,-0.928605074129042
12.45,-31.0214022428667,-0.929351033886264
12.46,-31.0432880290693,-0.930097047431797
12.47,-31.0652555525653,-0.93084311457849
12.48,-31.0873051621989,-0.931589235138653
12.49,-31.1094372093894,-0.932335408923579
12.5,-31.1316520481519,-0.933081635744189
12.51,-31.1539500351176,-0.933827915409918
12.52,-31.1763315295577,-0.9345742477303
12.53,-31.1987968934018,-0.935320632513386
12.54,-31.2213464912627,-0.936067069566969
12.55,-31.2439806904563,-0.936813558697589
12.56,-31.2666998610255,-0.937560099711713
12.57,-31.28950437576,-0.938306692414382
12.58,-31.3123946102216,-0.939053336610244
12.59,-31.3353709427652,-0.939800032103409
12.6,-31.3584337545616,-0.940546778696561
12.61,-31.3815834296201,-0.941293576192224
12.62,-31.4048203548138,-0.942040424392239
12.63,-31.4281449198998,-0.942787323097365
12.64,-31.4515575175441,-0.943534272107535
12.65,-31.4750585433457,-0.94428127122233
12.66,-31.4986483958602,-0.945028320240753
12.67,-31.5223274766211,-0.945775418960499
12.68,-31.5460961901679,-0.946522567178868
12.69,-31.5699549440666,-0.947269764692169
12.7,-31.5939041489378,-0.948017011296804
12.71,-31.6179442184765,-0.948764306787504
12.72,-31.6420755694812,-0.949511650958837
12.73,-31.6662986218752,-0.950259043604451
12.74,-31.6906137987335,-0.951006484517333
12.75,-31.7150215263076,-0.951753973490026
12.76,-31.7395222340491,-0.952501510313761
12.77,-31.7641163546378,-0.953249094779791
12.78,-31.7888043240033,-0.953996726677997
12.79,-31.813586581355,-0.95474440579827
12.8,-31.8384635692035,-0.955492131929258
12.81,-31.8634357333897,-0.956239904859385
12.82,-31.8885035231083,-0.956987724375836
12.83,-31.913667390935,-0.957735590265663
12.84,-31.9389277928525,-0.958483502314778
12.85,-31.9642851882764,-0.959231460308912
12.86,-31.9897400400809,-0.959979464032363
12.87,-32.0152928146276,-0.960727513270084
12.88,-32.0409439817887,-0.961475607804825
12.89,-32.0666940149752,-0.962223747419755
12.9,-32.092543391165,-0.962971931896931
12.91,-32.118492590925,-0.963720161017785
12.92,-32.1445420984443,-0.964468434563401
12.93,-32.1706924015538,-0.965216752313502
12.94,-32.1969439917602,-0.96596511404815
12.95,-32.2232973642665,-0.966713519546109
12.96,-32.2497530180038,-0.967461968585741
12.97,-32.2763114556544,-0.968210460944119
12.98,-32.3029731836824,-0.968958996398933
12.99,-32.3297387123564,-0.969707574726053
13,-32.3566085557815,-0.970456195701577
13.01,-32.3835832319212,-0.971204859100497
13.02,-32.4106632626271,-0.971953564697106
13.03,-32.4378491736659,-0.972702312265708
13.04,-32.465141494744,-0.973451101578992
13.05,-32.4925407595374,-0.974199932410116
13.06,-32.5200475057143,-0.974948804530648
13.07,-32.5476622749662,-0.975697717712382
13.08,-32.5753856130304,-0.976446671725902
13.09,-32.6032180697179,-0.977195666341421
13.1,-32.631160198941,-0.977944701328517
13.11,-32.659212558737,-0.978693776456506
13.12,-32.6873757112945,-0.979442891493488
13.13,-32.7156502229803,-0.980192046207518
13.14,-32.7440366643629,-0.980941240365375
13.15,-32.7725356102413,-0.981690473734313
13.16,-32.8011476396649,-0.982439746080087
13.17,-32.8298733359625,-0.983189057168076
13.18,-32.8587132867645,-0.983938406763402
13.19,-32.8876680840284,-0.984687794630378
13.2,-32.9167383240606,-0.985437220532499
13.21,-32.9459246075427,-0.986186684233521
13.22,-32.9752275395508,-0.986936185495401
13.23,-33.0046477295824,-0.987685724080797
13.24,-33.0341857915747,-0.988435299750792
13.25,-33.0638423439291,-0.989184912266745
13.26,-33.0936180095314,-0.989934561388795
13.27,-33.1235134157697,-0.990684246876602
13.28,-33.1535291945613,-0.991433968489684
13.29,-33.1836659823658,-0.992183725986854
13.3,-33.2139244202063,-0.992933519126328
13.31,-33.2443051536876,-0.993683347665965
13.32,-33.2748088330143,-0.994433211362504
13.33,-33.3054361130053,-0.995183109972823
13.34,-33.3361876531129,-0.995933043252806
13.35,-33.3670641174351,-0.99668301095805
13.36,-33.3980661747317,-0.997433012843695
13.37,-33.429194498436,-0.998183048664298
13.38,-33.4604497666675,-0.998933118173694
13.39,-33.4918326622453,-0.999683221125554
13.4,-33.5233438726932,-1.00043335727249
13.41,-33.5549840902541,-1.00118352636713
13.42,-33.5867540118958,-1.00193372816162
13.43,-33.6186543393144,-1.00268396240724
13.44,-33.6506857789453,-1.0034342288548
13.45,-33.6828490419612,-1.00418452725489
13.46,-33.7151448442791,-1.00493485735752
13.47,-33.7475739065574,-1.00568521891199
13.48,-33.7801369541974,-1.00643561166728
13.49,-33.8128347173402,-1.00718603537214
13.5,-33.8456679308599,-1.007936489774
13.51,-33.8786373343621,-1.00868697462112
13.52,-33.9117436721717,-1.00943748966001
13.53,-33.9449876933247,-1.0101880346375
13.54,-33.9783701515548,-1.01093860929948
13.55,-34.0118918052793,-1.01168921339174
13.56,-34.0455534175823,-1.01243984665937
13.57,-34.0793557561952,-1.01319050884701
13.58,-34.1132995934756,-1.01394119969926
13.59,-34.1473857063802,-1.01469191895926
13.6,-34.1816148764408,-1.01544266637088
13.61,-34.215987889731,-1.01619344167665
13.62,-34.2505055368359,-1.01694424461952
13.63,-34.2851686128119,-1.01769507494087
13.64,-34.3199779171503,-1.01844593238287
13.65,-34.3549342537316,-1.01919681668601
13.66,-34.3900384307793,-1.01994772759142
13.67,-34.42529126081,-1.02069866483897
13.68,-34.4606935605779,-1.02144962816885
13.69,-34.4962461510157,-1.02220061732008
13.7,-34.5319498571717,-1.02295163203197
13.71,-34.5678055081429,-1.02370267204271
13.72,-34.6038139370033,-1.02445373709108
13.73,-34.6399759807217,-1.02520482691387
13.74,-34.6762924800885,-1.02595594124909
13.75,-34.7127642796192,-1.02670707983319
13.76,-34.7493922274667,-1.02745824240283
13.77,-34.7861771753217,-1.02820942869429
13.78,-34.8231199783044,-1.02896063844291
13.79,-34.8602214948586,-1.02971187138417
13.8,-34.89748258663,-1.03046312725289
13.81,-34.9349041183435,-1.03121440578342
13.82,-34.9724869576708,-1.03196570671022
13.83,-35.010231975092,-1.03271702976657
13.84,-35.0481400437499,-1.03346837468642
13.85,-35.0862120392916,-1.03421974120215
13.86,-35.1244488397096,-1.03497112904669
13.87,-35.1628513251679,-1.03572253795213
13.88,-35.2014203778211,-1.03647396765018
13.89,-35.2401568816253,-1.03722541787243
13.9,-35.2790617221367,-1.03797688835011
13.91,-35.3181357863009,-1.03872837881373
13.92,-35.3573799622336,-1.03947988899392
13.93,-35.3967951389867,-1.04023141862075
13.94,-35.4363822063045,-1.04098296742344
13.95,-35.4761420543698,-1.04173453513183
13.96,-35.516075573533,-1.04248612147447
13.97,-35.5561836540329,-1.04323772618045
13.98,-35.5964671856993,-1.04398934897784
13.99,-35.6369270576455,-1.04474098959463
14,-35.6775641579438,-1.04549264775836
14.01,-35.7183793732878,-1.04624432319647
14.02,-35.7593735886334,-1.04699601563551
14.03,-35.800547686831,-1.04774772480286
14.04,-35.841902548234,-1.04849945042417
14.05,-35.8834390502935,-1.04925119222582
14.06,-35.9251580671295,-1.05000294993338
14.07,-35.9670604690891,-1.05075472327199
14.08,-36.0091471222787,-1.05150651196701
14.09,-36.0514188880792,-1.05225831574325
14.1,-36.093876622634,-1.0530101343247
14.11,-36.136521176322,-1.05376196743589
14.12,-36.1793533931996,-1.05451381480022
14.13,-36.2223741104228,-1.05526567614195
14.14,-36.2655841576403,-1.05601755118402
14.15,-36.3089843563601,-1.05676943964872
14.16,-36.3525755192943,-1.05752134125961
14.17,-36.3963584496656,-1.05827325573872
14.18,-36.4403339404904,-1.05902518280796
14.19,-36.4845027738289,-1.05977712218933
14.2,-36.5288657200032,-1.06052907360462
14.21,-36.5734235367788,-1.06128103677463
14.22,-36.618176968516,-1.0620330114208
14.23,-36.6631267452797,-1.06278499726341
14.24,-36.7082735819166,-1.0635369940234
14.25,-36.7536181770863,-1.06428900142051
14.26,-36.7991612122606,-1.0650410191751
14.27,-36.8449033506691,-1.0657930470063
14.28,-36.8908452362108,-1.06654508463416
14.29,-36.9369874923144,-1.06729713177763
14.3,-36.9833307207501,-1.06804918815564
14.31,-37.0298755003975,-1.06880125348677
14.32,-37.0766223859532,-1.06955332748965
14.33,-37.123571906597,-1.07030540988255
14.34,-37.1707245645876,-1.07105750038315
14.35,-37.2180808338158,-1.07180959870959
14.36,-37.2656411582868,-1.0725617045789
14.37,-37.313405950547,-1.07331381770872
14.38,-37.361375590042,-1.07406593781605
14.39,-37.4095504214103,-1.07481806461781
14.4,-37.4579307527092,-1.07557019783023
14.41,-37.5065168535647,-1.07632233717043
14.42,-37.5553089532479,-1.07707448235374
14.43,-37.6043072386791,-1.0778266330972
14.44,-37.6535118523435,-1.07857878911565
14.45,-37.7029228901315,-1.07933095012514
14.46,-37.7525403990882,-1.08008311584102
14.47,-37.8023643750739,-1.08083528597832
14.48,-37.852394760337,-1.08158746025191
14.49,-37.9026314409856,-1.08233963837709
14.5,-37.9530742443627,-1.08309182006794
14.51,-38.0037229363177,-1.08384400503911
14.52,-38.0545772183772,-1.08459619300503
14.53,-38.1056367247972,-1.08534838367915
14.54,-38.1569010195116,-1.0861005767761
14.55,-38.2083695929543,-1.08685277200911
14.56,-38.2600418587702,-1.08760496909156
14.57,-38.311917150394,-1.08835716773741
14.58,-38.3639947175017,-1.0891093676593
14.59,-38.4162737223332,-1.08986156857044
14.6,-38.4687532358729,-1.09061377018402
14.61,-38.5214322338897,-1.09136597221235
14.62,-38.5743095928363,-1.09211817436802
14.63,-38.6273840855918,-1.09287037636365
14.64,-38.6806543770547,-1.09362257791096
14.65,-38.7341190195785,-1.09437477872297
14.66,-38.7877764482365,-1.09512697851084
14.67,-38.8416249759311,-1.0958791769869
14.68,-38.8956627883208,-1.0966313738624
14.69,-38.9498879385785,-1.09738356884927
14.7,-39.0042983419648,-1.09813576165889
14.71,-39.0588917702204,-1.09888795200221
14.72,-39.1136658457672,-1.09964013959055
14.73,-39.1686180357198,-1.10039232413552
14.74,-39.2237456456949,-1.1011445053471
14.75,-39.2790458134304,-1.10189668293658
14.76,-39.334515502188,-1.1026488566148
14.77,-39.3901514939602,-1.10340102609195
14.78,-39.4459503824622,-1.10415319107875
14.79,-39.5019085659092,-1.10490535128565
14.8,-39.5580222395829,-1.10565750642244
14.81,-39.6142873881804,-1.1064096561998
14.82,-39.6706997779404,-1.10716180032735
14.83,-39.7272549485575,-1.1079139385153
14.84,-39.7839482048671,-1.10866607047342
14.85,-39.8407746083209,-1.10941819591183
14.86,-39.8977289682352,-1.11017031453974
14.87,-39.954805832828,-1.11092242606703
14.88,-40.0119994800376,-1.11167453020297
14.89,-40.0693039081349,-1.11242662665717
14.9,-40.1267128261241,-1.11317871513891
14.91,-40.1842196439465,-1.11393079535773
14.92,-40.2418174624876,-1.11468286702255
14.93,-40.2994990634028,-1.11543492984273
14.94,-40.3572568987616,-1.11618698352707
14.95,-40.4150830805304,-1.11693902778501
14.96,-40.472969369903,-1.11769106232519
14.97,-40.530907166492,-1.11844308685668
14.98,-40.5888874974026,-1.11919510108864
14.99,-40.6469010061993,-1.11994710472894
15,-40.7049379417965,-1.12069909748709
15.01,-40.7629881472895,-1.12145107907177
15.02,-40.8210410487507,-1.12220304919137
15.03,-40.8790856440241,-1.12295500755484
15.04,-40.9371104915489,-1.12370695387037
15.05,-40.9951036992406,-1.12445888784703
15.06,-41.0530529134733,-1.12521080919285
15.07,-41.1109453082008,-1.12596271761642
15.08,-41.168767574261,-1.1267146128263
15.09,-41.2265059089095,-1.12746649453121
15.1,-41.2841460056362,-1.12821836243886
15.11,-41.3416730443189,-1.12897021625843
15.12,-41.3990716817697,-1.12972205569788
15.13,-41.4563260427412,-1.13047388046556
15.14,-41.5134197114568,-1.13122569027009
15.15,-41.5703357237373,-1.1319774848198
15.16,-41.6270565597955,-1.1327292638225
15.17,-41.683564137783,-1.13348102698741
15.18,-41.7398398081671,-1.13423277402213
15.19,-41.7958643490287,-1.13498450463537
15.2,-41.8516179623692,-1.1357362185352
15.21,-41.9070802715231,-1.13648791543056
15.22,-41.9622303197723,-1.13723959502934
15.23,-42.0170465702636,-1.13799125704014
15.24,-42.0715069073353,-1.13874290117121
15.25,-42.1255886393549,-1.13949452713105
15.26,-42.1792685031799,-1.14024613462812
15.27,-42.2325226703481,-1.14099772337092
15.28,-42.2853267551099,-1.141749293068
15.29,-42.3376558244099,-1.14250084342787
15.3,-42.3894844099287,-1.14325237415874
15.31,-42.4407865222899,-1.14400388496999
15.32,-42.4915356675414,-1.14475537556951
15.33,-42.5417048660044,-1.14550684566625
15.34,-42.5912666735921,-1.14625829496881
15.35,-42.6401932056831,-1.14700972318615
15.36,-42.6884561636359,-1.14776113002727
15.37,-42.7360268640102,-1.14851251520068
15.38,-42.7828762705659,-1.14926387841521
15.39,-42.8289750290822,-1.1500152193802
15.4,-42.8742935050405,-1.15076653780451
15.41,-42.9188018241909,-1.15151783339705
15.42,-42.962469916009,-1.15226910586745
15.43,-43.0052675600269,-1.15302035492439
15.44,-43.0471644350161,-1.15377158027759
15.45,-43.0881301709616,-1.15452278163652
15.46,-43.1281344037622,-1.15527395871025
15.47,-43.1671468325481,-1.15602511120795
15.48,-43.2051372795051,-1.15677623884039
15.49,-43.2420757520639,-1.15752734131649
15.5,-43.2779325072661,-1.15827841834573
15.51,-43.3126781181244,-1.15902946963846
15.52,-43.3462835417542,-1.15978049490478
15.53,-43.3787201890214,-1.16053149385429
15.54,-43.4099599954385,-1.16128246619722
15.55,-43.439975493011,-1.1620334116443
15.56,-43.4687398827212,-1.16278432990512
15.57,-43.4962271072943,-1.16353522069039
15.58,-43.5224119238981,-1.16428608371116
15.59,-43.5472699764101,-1.16503691867744
15.6,-43.5707778668364,-1.16578772530001
15.61,-43.5929132255038,-1.16653850329028
15.62,-43.6136547796122,-1.16728925235894
15.63,-43.6329824197341,-1.16803997221687
15.64,-43.6508772638359,-1.16879066257592
15.65,-43.6673217184543,-1.16954132314674
15.66,-43.6822995365731,-1.17029195364144
15.67,-43.6957958718675,-1.1710425537712
15.68,-43.7077973289003,-1.17179312324811
15.69,-43.7182920089651,-1.17254366178379
15.7,-43.7272695512132,-1.17329416909039
15.71,-43.7347211688012,-1.17404464487994
15.72,-43.7406396797764,-1.17479508886498
15.73,-43.7450195324902,-1.17554550075754
15.74,-43.7478568253299,-1.17629588027082
15.75,-43.7491493206545,-1.17704622711725
15.76,-43.7488964527935,-1.17779654100972
15.77,-43.7470993300833,-1.17854682166105
15.78,-43.7437607308901,-1.17929706878516
15.79,-43.7388850936879,-1.18004728209442
15.8,-43.732478501239,-1.18079746130308
15.81,-43.7245486589877,-1.18154760612497
15.82,-43.7151048678803,-1.18229771627335
15.83,-43.7041579917247,-1.18304779146254
15.84,-43.6917204194185,-1.18379783140701
15.85,-43.6778060222538,-1.18454783582091
15.86,-43.6624301066418,-1.18529780441835
15.87,-43.645609362545,-1.18604773691495
15.88,-43.6273618080411,-1.18679763302519
15.89,-43.6077067303164,-1.1875474924638
15.9,-43.5866646235364,-1.18829731494668
15.91,-43.5642571239777,-1.18904710018915
15.92,-43.5405069428111,-1.18979684790677
15.93,-43.5154377969811,-1.19054655781556
15.94,-43.4890743385704,-1.19129622963131
15.95,-43.4614420830605,-1.19204586307124
15.96,-43.4325673368929,-1.1927954578504
15.97,-43.4024771246935,-1.1935450136864
15.98,-43.3711991165676,-1.19429453029604
15.99,-43.3387615557877,-1.19504400739604
16,-43.3051931869952,-1.19579344470388
