"Freq [GHz]","dB(St(Microstrip_1B_T1,Microstrip_1B_T1)) []","dB(St(Microstrip_1B_T2,Microstrip_1B_T1)) []"
0,-91.3498853592817,-0.000966327843728368
1E-09,-91.3498852133726,-0.000966327843728368
1.12201845430196E-09,-91.3498852133723,-0.000966327839778043
1.25892541179417E-09,-91.3498847756483,-0.000966327831877393
1.41253754462275E-09,-91.3498850674635,-0.000966327839778043
1.58489319246111E-09,-91.3498852133708,-0.000966327839778043
1.77827941003892E-09,-91.3498849215543,-0.000966327835827718
1.99526231496888E-09,-91.3498850674611,-0.000966327835827718
2.23872113856834E-09,-91.349884921552,-0.000966327835827718
2.51188643150958E-09,-91.3498846297347,-0.000966327823976744
2.81838293126445E-09,-91.3498850674564,-0.000966327835827718
3.16227766016838E-09,-91.349884921546,-0.000966327839778043
3.54813389233575E-09,-91.349884775635,-0.000966327835827718
3.98107170553497E-09,-91.3498850674468,-0.000966327839778043
4.46683592150963E-09,-91.349884921534,-0.000966327835827718
5.01187233627272E-09,-91.3498847756198,-0.000966327827927069
5.62341325190349E-09,-91.3498849215199,-0.000966327823976744
6.30957344480193E-09,-91.34988492151,-0.000966327827927069
7.07945784384138E-09,-91.3498850674054,-0.000966327839778043
7.94328234724282E-09,-91.3498853592054,-0.000966327843728368
8.91250938133745E-09,-91.34988506737,-0.000966327839778043
1E-08,-91.3498846296215,-0.000966327823976744
1.12201845430196E-08,-91.349884775498,-0.000966327831877393
1.25892541179417E-08,-91.3498847754586,-0.000966327827927069
1.41253754462275E-08,-91.3498849213169,-0.000966327831877393
1.58489319246111E-08,-91.349885504886,-0.000966327839778043
1.77827941003892E-08,-91.3498852129916,-0.000966327835827718
1.99526231496888E-08,-91.3498852128927,-0.000966327839778043
2.23872113856834E-08,-91.3498847750444,-0.000966327827927069
2.51188643150958E-08,-91.3498852126112,-0.000966327843728368
2.81838293126445E-08,-91.349884920598,-0.000966327835827718
3.16227766016838E-08,-91.3498850662573,-0.000966327835827718
3.54813389233575E-08,-91.3498847741286,-0.000966327827927069
3.98107170553497E-08,-91.3498849196425,-0.000966327831877393
4.46683592150963E-08,-91.3498847732387,-0.000966327827927069
5.01187233627272E-08,-91.34988506443,-0.000966327839778043
5.62341325190349E-08,-91.349884917736,-0.000966327831877393
6.30957344480193E-08,-91.3498849167464,-0.000966327827926104
7.07945784384138E-08,-91.3498849155005,-0.000966327835826754
7.94328234724281E-08,-91.3498847680242,-0.000966327835826754
8.91250938133746E-08,-91.3498849119575,-0.000966327835826754
1E-07,-91.3498849094717,-0.000966327839776114
1.12201845430196E-07,-91.3498847604343,-0.000966327835825789
1.25892541179417E-07,-91.3498850483103,-0.000966327847675799
1.41253754462275E-07,-91.349884313811,-0.000966327835823861
1.58489319246111E-07,-91.349884161659,-0.000966327835822896
1.77827941003892E-07,-91.3498844456139,-0.000966327847671941
1.99526231496888E-07,-91.3498838520862,-0.000966327839770328
2.23872113856834E-07,-91.3498838396275,-0.000966327843718723
2.51188643150958E-07,-91.3498835321273,-0.000966327847666155
2.81838293126445E-07,-91.3498829287502,-0.000966327839762612
3.16227766016838E-07,-91.3498826120762,-0.000966327847658439
3.54813389233575E-07,-91.3498818512423,-0.000966327851603942
3.98107170553497E-07,-91.3498803527665,-0.000966327835796856
4.46683592150963E-07,-91.349880011352,-0.000966327859490125
5.01187233627272E-07,-91.3498784898331,-0.000966327851578867
5.62341325190349E-07,-91.3498770980544,-0.000966327867367628
6.30957344480193E-07,-91.3498748104759,-0.000966327879203171
7.07945784384138E-07,-91.3498722054588,-0.000966327883133243
7.94328234724281E-07,-91.3498678172929,-0.000966327867305904
8.91250938133746E-07,-91.3498644098706,-0.000966327906776361
1E-06,-91.3498586168046,-0.000966327906735855
1.12201845430196E-06,-91.3498517380268,-0.000966327922487003
1.25892541179417E-06,-91.3498428814324,-0.00096632794217401
1.41253754462275E-06,-91.3498323178602,-0.000966327981596245
1.58489319246111E-06,-91.3498184159306,-0.000966328017047902
1.77827941003892E-06,-91.3498008505945,-0.000966328052472555
1.99526231496888E-06,-91.3497798718263,-0.000966328119466051
2.23872113856834E-06,-91.3497525088393,-0.000966328198269051
2.51188643150958E-06,-91.3497181117332,-0.000966328288869981
2.81838293126445E-06,-91.3496747003131,-0.000966328407058567
3.16227766016838E-06,-91.349620564637,-0.000966328560715206
3.54813389233575E-06,-91.3495517790894,-0.000966328734018345
3.98107170553497E-06,-91.3494656970722,-0.000966328974344877
4.46683592150963E-06,-91.3493567110787,-0.000966329261909424
5.01187233627272E-06,-91.3492206187053,-0.000966329644071518
5.62341325190349E-06,-91.3490480434061,-0.000966330097076168
6.30957344480193E-06,-91.3488312744218,-0.00096633067615848
7.07945784384138E-06,-91.3485585551301,-0.000966331416786507
7.94328234724281E-06,-91.3482152233841,-0.000966332346502577
8.91250938133746E-06,-91.347782656595,-0.000966333520477181
1E-05,-91.347238813417,-0.000966334997792555
1.12201845430196E-05,-91.3465536600309,-0.000966336845387224
1.25892541179417E-05,-91.3456910028249,-0.000966339169647986
1.41253754462276E-05,-91.3446057847845,-0.000966342112446087
1.58489319246111E-05,-91.3432393240288,-0.000966345807659539
1.77827941003892E-05,-91.3415197834881,-0.000966350475965482
1.99526231496888E-05,-91.3393547469356,-0.000966356318145733
2.23872113856834E-05,-91.3366307716448,-0.000966363704670548
2.51188643150958E-05,-91.3332021395798,-0.000966372997888678
2.81838293126445E-05,-91.3288877594299,-0.00096638467442572
3.16227766016838E-05,-91.3234596312183,-0.000966399400169878
3.54813389233575E-05,-91.3166312086609,-0.000966417927473837
3.98107170553497E-05,-91.3080423824103,-0.000966441245148479
4.46683592150963E-05,-91.2972423498616,-0.000966470613874043
5.01187233627273E-05,-91.2836664894046,-0.000966507593670134
5.62341325190349E-05,-91.2666061023263,-0.000966554122672702
6.30957344480193E-05,-91.2451783259218,-0.000966612722255846
7.07945784384137E-05,-91.2182803366225,-0.000966686480881437
7.94328234724282E-05,-91.1845412842671,-0.000966779349900987
8.91250938133746E-05,-91.142259442599,-0.000966896253598743
0.0001,-91.0893333916908,-0.000967043432145853
0.000112201845430196,-91.0231772468404,-0.000967228709306557
0.000125892541179417,-90.9406309628642,-0.00096746197719061
0.000141253754462276,-90.8378586594245,-0.000967755637243801
0.000158489319246111,-90.7102472784167,-0.000968125337154538
0.000177827941003892,-90.5523121442714,-0.000968590758641858
0.000199526231496888,-90.357623522048,-0.000969176681192545
0.000223872113856834,-90.1187727740552,-0.000969914329491516
0.000251188643150958,-89.8274057570669,-0.000970842972762593
0.000281838293126446,-89.4743454949487,-0.000972012044419804
0.000316227766016838,-89.0498385484905,-0.000973483848914565
0.000354813389233575,-88.5439275854995,-0.000975336738891491
0.000398107170553497,-87.946961643905,-0.00097766938443882
0.000446683592150963,-87.2502010133725,-0.000980606025291416
0.000501187233627273,-86.4464564720836,-0.000984303049110024
0.000562341325190349,-85.5306759044971,-0.000988957365245179
0.000630957344480193,-84.5003773750691,-0.000994816824104051
0.000707945784384137,-83.3558500914506,-0.00100219352081219
0.000794328234724282,-82.1000793332327,-0.00101148033598034
0.000891250938133746,-80.7384079287313,-0.0010231718981891
0.001,-79.2779949248914,-0.00103789499674434
0.00112201845430196,-78.2197777965329,-0.00105531116918329
0.00125892541179417,-77.8434512198889,-0.00107445196393455
0.00141253754462276,-77.9314097140292,-0.00109526307212774
0.00158489319246111,-78.3301700647625,-0.00111791502666602
0.00177827941003892,-78.8858138085642,-0.00114279378176685
0.00199526231496888,-79.4134065197931,-0.00117046019497448
0.00223872113856834,-79.7215307139908,-0.00120159266734407
0.00251188643150958,-79.7036480301183,-0.00123692644517863
0.00281838293126445,-79.4036221617203,-0.00127720155310183
0.00316227766016838,-78.9565360670141,-0.00132312878584057
0.00354813389233575,-78.4827972499592,-0.00137537686920642
0.00398107170553497,-78.0444835251665,-0.00143457308433293
0.00446683592150963,-77.659041732602,-0.00150130108609024
0.00501187233627272,-77.3255209699837,-0.00157608511551813
0.00562341325190349,-77.0386869763777,-0.0016593719620076
0.00630957344480193,-76.7885399939708,-0.00175154365635331
0.00707945784384137,-76.5553264669614,-0.00185299134258692
0.00794328234724282,-76.3109333694518,-0.00196425115308562
0.00891250938133746,-76.0295313743415,-0.00208616841621204
0.01,-75.70096038352,-0.00222004010112084
0.0112201845430196,-75.3368876731849,-0.00236769112195962
0.0125892541179417,-74.9655456160714,-0.00253145807994877
0.0141253754462276,-74.619918261331,-0.00271407450590519
0.0158489319246111,-74.3271466619859,-0.00291847116384742
0.0177827941003892,-74.1032302455305,-0.00314752384095195
0.0199526231496888,-73.9529689912552,-0.00340379924889699
0.0223872113856834,-73.8734928306599,-0.00368936368575578
0.0251188643150958,-73.8595274910824,-0.0040057210549691
0.0281838293126445,-73.9084892095714,-0.00435392723842436
0.0316227766016838,-74.0237891130561,-0.00473488254281689
0.0354813389233575,-74.2159411140148,-0.00514974171140852
0.0398107170553497,-74.5027853155946,-0.00560032487277636
0.0446683592150963,-74.9111185104814,-0.00608939131775257
0.0501187233627272,-75.4812543008447,-0.00662066941775794
0.0562341325190349,-76.2727665401389,-0.00719861570697046
0.0630957344480193,-77.3612220649278,-0.00782797709799452
0.0707945784384137,-78.7845639471962,-0.00851331861555795
0.0794328234724282,-80.2703046280701,-0.0092587326679405
0.0891250938133746,-80.5674047299043,-0.0100679546847427
0.1,-78.5287948567112,-0.0109450631791522
0.11,-76.8988111146573,-0.0115292165183436
0.12,-74.7986916692395,-0.0121428440595822
0.13,-72.7424610326525,-0.0127813962897426
0.14,-70.8951421451879,-0.0134406414102255
0.15,-69.2717405255369,-0.0141167052557541
0.16,-67.8459898940705,-0.0148060918572846
0.17,-66.5857906856965,-0.0155056877014073
0.18,-65.4625733193416,-0.0162127531524491
0.19,-64.4529018294293,-0.0169249044595277
0.2,-63.5380056500536,-0.0176400894401908
0.21,-62.7029091239863,-0.018356559454024
0.22,-61.935616805967,-0.0190728397554539
0.23,-61.2264521900013,-0.0197876998065654
0.24,-60.5675454940425,-0.020500124675892
0.25,-59.952442731907,-0.0212092882628707
0.26,-59.3758078198029,-0.0219145287749464
0.27,-58.8331945707175,-0.0226153266413011
0.28,-58.3208709262042,-0.0233112848679676
0.29,-57.8356823273776,-0.0240021117147936
0.3,-57.3749445904562,-0.0246876054983323
0.31,-56.9363592004444,-0.0253676412869732
0.32,-56.5179457879948,-0.0260421592483447
0.33,-56.1179878963709,-0.0267111544249397
0.34,-55.734989120233,-0.0273746677440372
0.35,-55.3676374099933,-0.0280327781043108
0.36,-55.0147758588443,-0.0286855954163767
0.37,-54.6753786773723,-0.0293332545044267
0.38,-54.34853134997,-0.0299759097964325
0.39,-54.0334141850675,-0.0306137307425118
0.4,-53.7292886362829,-0.0312468979053244
0.41,-53.4354858978644,-0.0318755996655482
0.42,-53.1513973752187,-0.0325000294824886
0.43,-52.8764667069644,-0.0331203836467364
0.44,-52.6101830744976,-0.0337368594603676
0.45,-52.352075582114,-0.0343496537810367
0.46,-52.1017085284359,-0.0349589618697382
0.47,-51.8586774203617,-0.035564976487212
0.48,-51.6226056055759,-0.0361678871905705
0.49,-51.393141420102,-0.0367678797890117
0.5,-51.1699557642998,-0.0373651359244381
0.51,-50.9527400348294,-0.0379598327496921
0.52,-50.7412043520019,-0.0385521426827548
0.53,-50.5350760318859,-0.0391422332204271
0.54,-50.3340982609865,-0.0397302667988971
0.55,-50.1380289384195,-0.0403164006919958
0.56,-49.946639656556,-0.0409007869401743
0.57,-49.7597147961898,-0.0414835723052221
0.58,-49.5770507165091,-0.0420648982469801
0.59,-49.3984550238276,-0.0426449009192347
0.6,-49.2237459059427,-0.043223711182747
0.61,-49.0527515215733,-0.0438014546334784
0.62,-48.8853094362958,-0.0443782516448245
0.63,-48.7212660981586,-0.0449542174223731
0.64,-48.5604763475356,-0.0455294620700848
0.65,-48.4028029568416,-0.0461040906668875
0.66,-48.2481161967079,-0.046678203352476
0.67,-48.0962934258736,-0.047251895421442
0.68,-47.9472187026439,-0.0478252574246984
0.69,-47.800782416188,-0.0483983752772159
0.7,-47.6568809363188,-0.0489713303712538
0.71,-47.5154162806085,-0.0495441996941349
0.72,-47.376295797939,-0.0501170559497623
0.73,-47.2394318676824,-0.0506899676831484
0.74,-47.1047416138591,-0.0512629994071533
0.75,-46.9721466336396,-0.0518362117308179
0.76,-46.8415727396607,-0.0524096614886659
0.77,-46.7129497156237,-0.0529834018703851
0.78,-46.5862110846773,-0.0535574825504081
0.79,-46.4612938901074,-0.0541319498168861
0.8,-46.3381384878596,-0.0547068466997106
0.81,-46.2166883504131,-0.0552822130971226
0.82,-46.0968898815681,-0.0558580859006952
0.83,-45.9786922416494,-0.0564344991183396
0.84,-45.8620471827175,-0.0570114839950663
0.85,-45.7469088932779,-0.0575890691314004
0.86,-45.6332338520952,-0.0581672805991728
0.87,-45.52098069065,-0.0587461420545989
0.88,-45.4101100638018,-0.0593256748485178
0.89,-45.3005845282564,-0.0599058981336683
0.9,-45.192368428421,-0.0604868289690033
0.91,-45.0854277892493,-0.061068482420941
0.92,-44.9797302156933,-0.0616508716614867
0.93,-44.8752447984021,-0.0622340080633105
0.94,-44.7719420252935,-0.0628179012917079
0.95,-44.6697936986837,-0.063402559393425
0.96,-44.5687728576162,-0.0639879888824958
0.97,-44.4688537051126,-0.0645741948229364
0.98,-44.3700115400253,-0.0651611809085346
0.99,-44.2722226932212,-0.0657489495396278
1,-44.1754644678232,-0.0663375018969797
1.01,-44.0797150832654,-0.0669268380128215
1.02,-43.9849536229115,-0.0675169568391308
1.03,-43.8911599850186,-0.0681078563131004
1.04,-43.7983148368297,-0.0686995334200552
1.05,-43.7063995715966,-0.0692919842537234
1.06,-43.6153962683378,-0.0698852040739502
1.07,-43.5252876541676,-0.0704791873621018
1.08,-43.4360570690105,-0.0710739278738954
1.09,-43.3476884325616,-0.0716694186900894
1.1,-43.2601662133374,-0.0722656522648655
1.11,-43.1734753996812,-0.0728626204720583
1.12,-43.087601472598,-0.0734603146493061
1.13,-43.0025303802882,-0.0740587256401615
1.14,-42.9182485142835,-0.0746578438342566
1.15,-42.8347426870647,-0.0752576592056218
1.16,-42.7520001110705,-0.0758581613490972
1.17,-42.6700083790089,-0.0764593395151327
1.18,-42.5887554453718,-0.0770611826427422
1.19,-42.5082296090898,-0.0776636793909553
1.2,-42.4284194972382,-0.0782668181686622
1.21,-42.349314049738,-0.0788705871629395
1.22,-42.2709025049674,-0.0794749743659634
1.23,-42.1931743862469,-0.0800799676005094
1.24,-42.1161194891226,-0.0806855545441315
1.25,-42.0397278694047,-0.0812917227520633
1.26,-41.9639898319041,-0.0818984596788877
1.27,-41.888895919834,-0.0825057526990028
1.28,-41.8144369048193,-0.0831135891260178
1.29,-41.7406037774801,-0.0837219562310031
1.3,-41.6673877385583,-0.084330841259732
1.31,-41.59478019054,-0.0849402314489306
1.32,-41.5227727297508,-0.0855501140415688
1.33,-41.451357138892,-0.0861604763012473
1.34,-41.3805253799848,-0.0867713055256828
1.35,-41.3102695877042,-0.0873825890594208
1.36,-41.2405820630695,-0.0879943143057065
1.37,-41.1714552674779,-0.0886064687375758
1.38,-41.1028818170483,-0.0892190399082937
1.39,-41.0348544772702,-0.0898320154609985
1.4,-40.9673661579211,-0.0904453831377955
1.41,-40.9004099082556,-0.0910591307881107
1.42,-40.8339789124287,-0.0916732463765129
1.43,-40.7680664851588,-0.0922877179899336
1.44,-40.7026660675968,-0.09290253384432
1.45,-40.637771223408,-0.0935176822908401
1.46,-40.5733756350328,-0.0941331518214835
1.47,-40.5094731001366,-0.0947489310742611
1.48,-40.4460575282216,-0.0953650088379512
1.49,-40.3831229373966,-0.0959813740563763
1.5,-40.3206634512986,-0.0965980158323172
1.51,-40.2586732961526,-0.0972149234310118
1.52,-40.1971467979622,-0.0978320862832852
1.53,-40.1360783798248,-0.0984494939883644
1.54,-40.0754625593647,-0.0990671363163192
1.55,-40.0152939462746,-0.0996850032102253
1.56,-39.9555672399627,-0.100303084787971
1.57,-39.8962772272954,-0.100921371343886
1.58,-39.8374187804349,-0.101539853349986
1.59,-39.7789868547631,-0.102158521457052
1.6,-39.7209764868871,-0.102777366495426
1.61,-39.6633827927244,-0.103396379475608
1.62,-39.6062009656602,-0.104015551588604
1.63,-39.5494262747762,-0.104634874206116
1.64,-39.4930540631429,-0.10525433888053
1.65,-39.4370797461767,-0.105873937344682
1.66,-39.3814988100562,-0.106493661511553
1.67,-39.3263068101917,-0.1071135034737
1.68,-39.2714993697525,-0.1077334555026
1.69,-39.2170721782398,-0.108353510047871
1.7,-39.1630209901143,-0.108973659736298
1.71,-39.1093416234599,-0.10959389737079
1.72,-39.0560299587004,-0.110214215929235
1.73,-39.0030819373507,-0.110834608563181
1.74,-38.9504935608107,-0.111455068596497
1.75,-38.8982608891965,-0.112075589523897
1.76,-38.8463800402039,-0.11269616500939
1.77,-38.7948471880099,-0.11331678888466
1.78,-38.7436585622042,-0.113937455147344
1.79,-38.6928104467536,-0.114558157959299
1.8,-38.6422991789917,-0.115178891644751
1.81,-38.5921211486434,-0.115799650688423
1.82,-38.5422727968689,-0.116420429733593
1.83,-38.4927506153411,-0.117041223580122
1.84,-38.44355114534,-0.117662027182438
1.85,-38.3946709768783,-0.11828283564743
1.86,-38.3461067478438,-0.118903644232439
1.87,-38.2978551431659,-0.119524448343051
1.88,-38.2499128940035,-0.120145243530999
1.89,-38.2022767769529,-0.120766025491975
1.9,-38.1549436132728,-0.121386790063433
1.91,-38.1079102681313,-0.122007533222384
1.92,-38.0611736498674,-0.122628251083187
1.93,-38.0147307092717,-0.12324893989529
1.94,-37.9685784388832,-0.123869596041022
1.95,-37.9227138723025,-0.124490216033306
1.96,-37.8771340835178,-0.125110796513464
1.97,-37.8318361862502,-0.125731334248893
1.98,-37.7868173333088,-0.126351826130885
1.99,-37.7420747159624,-0.126972269172337
2,-37.6976055633249,-0.127592660505523
2.01,-37.6534071417498,-0.128212997379856
2.02,-37.6094767542427,-0.128833277159641
2.03,-37.5658117398815,-0.129453497321887
2.04,-37.5224094732506,-0.130073655454064
2.05,-37.4792673638853,-0.130693749251941
2.06,-37.4363828557283,-0.131313776517379
2.07,-37.3937534265961,-0.131933735156153
2.08,-37.3513765876558,-0.132553623175824
2.09,-37.3092498829118,-0.133173438683595
2.1,-37.2673708887036,-0.133793179884181
2.11,-37.2257372132114,-0.13441284507771
2.12,-37.1843464959721,-0.135032432657648
2.13,-37.1431964074029,-0.135651941108748
2.14,-37.1022846483368,-0.136271369004972
2.15,-37.0616089495613,-0.136890715007508
2.16,-37.0211670713715,-0.137509977862758
2.17,-36.9809568031265,-0.138129156400351
2.18,-36.9409759628159,-0.138748249531204
2.19,-36.9012223966344,-0.139367256245597
2.2,-36.8616939785614,-0.139986175611251
2.21,-36.8223886099519,-0.14060500677145
2.22,-36.7833042191297,-0.141223748943181
2.23,-36.744438760992,-0.141842401415314
2.24,-36.7057902166181,-0.142460963546771
2.25,-36.6673565928854,-0.14307943476476
2.26,-36.6291359220928,-0.143697814563008
2.27,-36.5911262615889,-0.144316102500026
2.28,-36.5533256934076,-0.1449342981974
2.29,-36.5157323239094,-0.14555240133811
2.3,-36.4783442834287,-0.146170411664878
2.31,-36.4411597259262,-0.146788328978524
2.32,-36.404176828649,-0.147406153136355
2.33,-36.3673937917939,-0.148023884050608
2.34,-36.3308088381769,-0.148641521686877
2.35,-36.2944202129097,-0.14925906606257
2.36,-36.2582261830784,-0.149876517245441
2.37,-36.222225037431,-0.150493875352059
2.38,-36.186415086066,-0.151111140546393
2.39,-36.1507946601292,-0.151728313038389
2.4,-36.1153621115136,-0.152345393082514
2.41,-36.0801158125641,-0.15296238097642
2.42,-36.0450541557887,-0.153579277059587
2.43,-36.0101755535703,-0.15419608171196
2.44,-35.9754784378881,-0.154812795352682
2.45,-35.9409612600396,-0.155429418438779
2.46,-35.9066224903674,-0.156045951463923
2.47,-35.8724606179927,-0.156662394957171
2.48,-35.8384741505493,-0.157278749481795
2.49,-35.8046616139259,-0.157895015634046
2.5,-35.7710215520071,-0.158511194042013
2.51,-35.7375525264241,-0.159127285364488
2.52,-35.7042531163051,-0.159743290289833
2.53,-35.6711219180315,-0.16035920953488
2.54,-35.6381575449964,-0.160975043843856
2.55,-35.6053586273692,-0.161590793987339
2.56,-35.5727238118605,-0.162206460761227
2.57,-35.5402517614931,-0.1628220449857
2.58,-35.5079411553761,-0.16343754750427
2.59,-35.4757906884812,-0.164052969182785
2.6,-35.4437990714234,-0.164668310908476
2.61,-35.4119650302448,-0.165283573589059
2.62,-35.3802873062022,-0.165898758151794
2.63,-35.3487646555564,-0.166513865542619
2.64,-35.3173958493659,-0.167128896725262
2.65,-35.2861796732836,-0.167743852680415
2.66,-35.2551149273559,-0.168358734404881
2.67,-35.2242004258258,-0.168973542910785
2.68,-35.1934349969375,-0.169588279224744
2.69,-35.1628174827456,-0.170202944387132
2.7,-35.132346738926,-0.170817539451306
2.71,-35.1020216345893,-0.171432065482853
2.72,-35.0718410520985,-0.172046523558895
2.73,-35.0418038868881,-0.172660914767354
2.74,-35.0119090472854,-0.173275240206282
2.75,-34.9821554543372,-0.173889500983193
2.76,-34.9525420416347,-0.174503698214391
2.77,-34.9230677551456,-0.175117833024337
2.78,-34.893731553045,-0.175731906545042
2.79,-34.8645324055514,-0.176345919915415
2.8,-34.8354692947628,-0.176959874280731
2.81,-34.8065412144968,-0.177573770791993
2.82,-34.7777471701337,-0.178187610605421
2.83,-34.7490861784588,-0.178801394881848
2.84,-34.720557267511,-0.179415124786243
2.85,-34.6921594764301,-0.180028801487149
2.86,-34.6638918553089,-0.180642426156192
2.87,-34.6357534650461,-0.181255999967601
2.88,-34.6077433772011,-0.181869524097685
2.89,-34.5798606738526,-0.182482999724417
2.9,-34.5521044474568,-0.183096428026964
2.91,-34.5244738007103,-0.183709810185212
2.92,-34.496967846413,-0.184323147379387
2.93,-34.4695857073332,-0.184936440789608
2.94,-34.4423265160761,-0.185549691595491
2.95,-34.4151894149527,-0.186162900975755
2.96,-34.3881735558513,-0.186776070107832
2.97,-34.3612781001102,-0.187389200167517
2.98,-34.3345022183934,-0.188002292328582
2.99,-34.3078450905669,-0.188615347762462
3,-34.2813059055778,-0.189228367637866
3.01,-34.254883861334,-0.189841353120505
3.02,-34.2285781645865,-0.190454305372737
3.03,-34.2023880308135,-0.191067225553275
3.04,-34.1763126841053,-0.191680114816879
3.05,-34.1503513570518,-0.192292974314091
3.06,-34.1245032906307,-0.192905805190917
3.07,-34.0987677340984,-0.193518608588607
3.08,-34.0731439448816,-0.194131385643351
3.09,-34.0476311884702,-0.194744137486052
3.1,-34.0222287383129,-0.195356865242067
3.11,-33.9969358757136,-0.19596957003101
3.12,-33.9717518897287,-0.196582252966468
3.13,-33.9466760770668,-0.197194915155828
3.14,-33.9217077419902,-0.197807557700055
3.15,-33.8968461962158,-0.198420181693492
3.16,-33.8720907588196,-0.199032788223653
3.17,-33.8474407561418,-0.199645378371045
3.18,-33.8228955216921,-0.200257953208999
3.19,-33.7984543960584,-0.200870513803483
3.2,-33.7741167268152,-0.201483061212936
3.21,-33.7498818684345,-0.202095596488133
3.22,-33.7257491821962,-0.202708120671996
3.23,-33.7017180361023,-0.203320634799481
3.24,-33.6777878047895,-0.203933139897414
3.25,-33.6539578694455,-0.204545636984395
3.26,-33.6302276177251,-0.205158127070618
3.27,-33.6065964436677,-0.205770611157808
3.28,-33.5830637476156,-0.206383090239061
3.29,-33.5596289361354,-0.206995565298767
3.3,-33.5362914219373,-0.207608037312475
3.31,-33.5130506237986,-0.208220507246825
3.32,-33.4899059664862,-0.208832976059461
3.33,-33.4668568806809,-0.2094454446989
3.34,-33.4439028029035,-0.210057914104477
3.35,-33.4210431754407,-0.210670385206296
3.36,-33.3982774462724,-0.211282858925096
3.37,-33.3756050690007,-0.211895336172237
3.38,-33.3530255027793,-0.212507817849614
3.39,-33.3305382122435,-0.21312030484959
3.4,-33.3081426674422,-0.213732798054966
3.41,-33.2858383437703,-0.214345298338914
3.42,-33.2636247219016,-0.214957806564926
3.43,-33.2415012877234,-0.215570323586799
3.44,-33.2194675322717,-0.216182850248563
3.45,-33.1975229516678,-0.216795387384473
3.46,-33.1756670470538,-0.217407935818964
3.47,-33.1538993245324,-0.218020496366639
3.48,-33.132219295104,-0.218633069832226
3.49,-33.1106264746075,-0.219245657010578
3.5,-33.0891203836599,-0.219858258686651
3.51,-33.067700547598,-0.220470875635481
3.52,-33.0463664964203,-0.221083508622181
3.53,-33.0251177647302,-0.221696158401941
3.54,-33.0039538916791,-0.222308825720024
3.55,-32.982874420911,-0.222921511311764
3.56,-32.9618789005081,-0.223534215902531
3.57,-32.9409668829367,-0.224146940207822
3.58,-32.9201379249931,-0.22475968493318
3.59,-32.8993915877525,-0.225372450774248
3.6,-32.8787274365153,-0.225985238416784
3.61,-32.8581450407582,-0.226598048536668
3.62,-32.8376439740817,-0.227210881799902
3.63,-32.8172238141617,-0.227823738862673
3.64,-32.7968841427002,-0.228436620371335
3.65,-32.7766245453765,-0.229049526962459
3.66,-32.7564446118,-0.22966245926282
3.67,-32.736343935463,-0.230275417889501
3.68,-32.7163221136941,-0.230888403449844
3.69,-32.6963787476126,-0.231501416541519
3.7,-32.6765134420837,-0.232114457752574
3.71,-32.6567258056732,-0.232727527661434
3.72,-32.6370154506041,-0.233340626836978
3.73,-32.6173819927135,-0.233953755838542
3.74,-32.5978250514093,-0.234566915215989
3.75,-32.5783442496284,-0.235180105509724
3.76,-32.5589392137951,-0.235793327250777
3.77,-32.5396095737797,-0.236406580960809
3.78,-32.5203549628592,-0.237019867152191
3.79,-32.5011750176758,-0.23763318632803
3.8,-32.4820693781986,-0.238246538982235
3.81,-32.4630376876844,-0.238859925599549
3.82,-32.4440795926398,-0.239473346655626
3.83,-32.4251947427828,-0.24008680261707
3.84,-32.406382791006,-0.240700293941483
3.85,-32.3876433933395,-0.241313821077548
3.86,-32.368976208915,-0.241927384465048
3.87,-32.3503808999296,-0.242540984534953
3.88,-32.3318571316108,-0.243154621709486
3.89,-32.3134045721813,-0.243768296402134
3.9,-32.2950228928252,-0.244382009017756
3.91,-32.2767117676539,-0.24499575995264
3.92,-32.258470873672,-0.245609549594552
3.93,-32.240299890745,-0.246223378322781
3.94,-32.2221985015672,-0.246837246508252
3.95,-32.204166391628,-0.247451154513532
3.96,-32.1862032491816,-0.248065102692963
3.97,-32.1683087652155,-0.24867909139264
3.98,-32.1504826334189,-0.249293120950575
3.99,-32.1327245501532,-0.249907191696683
4,-32.1150342144213,-0.250521303952908
4.01,-32.0974113278383,-0.251135458033238
4.02,-32.0798555946021,-0.251749654243818
4.03,-32.0623667214645,-0.252363892882986
4.04,-32.0449444177028,-0.252978174241383
4.05,-32.0275883950919,-0.253592498601955
4.06,-32.0102983678762,-0.254206866240099
4.07,-31.9930740527425,-0.254821277423687
4.08,-31.9759151687928,-0.255435732413145
4.09,-31.9588214375176,-0.256050231461517
4.1,-31.9417925827704,-0.25666477481457
4.11,-31.9248283307403,-0.257279362710813
4.12,-31.9079284099277,-0.257893995381611
4.13,-31.8910925511183,-0.258508673051227
4.14,-31.8743204873586,-0.259123395936927
4.15,-31.8576119539311,-0.259738164249019
4.16,-31.8409666883294,-0.260352978190926
4.17,-31.8243844302356,-0.260967837959294
4.18,-31.8078649214954,-0.261582743744022
4.19,-31.7914079060952,-0.262197695728373
4.2,-31.7750131301391,-0.262812694088993
4.21,-31.7586803418261,-0.263427738996017
4.22,-31.7424092914277,-0.264042830613182
4.23,-31.7261997312656,-0.264657969097819
4.24,-31.7100514156896,-0.265273154600951
4.25,-31.6939641010568,-0.265888387267406
4.26,-31.6779375457095,-0.266503667235838
4.27,-31.6619715099547,-0.267118994638833
4.28,-31.6460657560426,-0.267734369602965
4.29,-31.630220048147,-0.26834979224884
4.3,-31.6144341523447,-0.268965262691249
4.31,-31.598707836595,-0.269580781039147
4.32,-31.5830408707211,-0.270196347395769
4.33,-31.5674330263894,-0.270811961858698
4.34,-31.5518840770912,-0.271427624519952
4.35,-31.5363937981236,-0.272043335466013
4.36,-31.5209619665699,-0.272659094777925
4.37,-31.5055883612827,-0.273274902531369
4.38,-31.4902727628641,-0.27389075879672
4.39,-31.4750149536483,-0.274506663639076
4.4,-31.4598147176843,-0.275122617118467
4.41,-31.4446718407177,-0.275738619289734
4.42,-31.4295861101732,-0.27635467020273
4.43,-31.4145573151382,-0.276970769902364
4.44,-31.3995852463452,-0.277586918428637
4.45,-31.3846696961557,-0.278203115816712
4.46,-31.3698104585434,-0.278819362097039
4.47,-31.3550073290778,-0.27943565729533
4.48,-31.3402601049083,-0.280052001432742
4.49,-31.3255685847485,-0.280668394525811
4.5,-31.3109325688601,-0.281284836586619
4.51,-31.2963518590381,-0.281901327622833
4.52,-31.2818262585948,-0.282517867637751
4.53,-31.267355572345,-0.283134456630374
4.54,-31.2529396065912,-0.283751094595501
4.55,-31.2385781691091,-0.284367781523743
4.56,-31.2242710691325,-0.284984517401633
4.57,-31.2100181173393,-0.285601302211642
4.58,-31.1958191258374,-0.286218135932318
4.59,-31.1816739081503,-0.28683501853825
4.6,-31.167582279204,-0.287451950000212
4.61,-31.1535440553127,-0.288068930285187
4.62,-31.1395590541655,-0.288685959356441
4.63,-31.1256270948134,-0.289303037173556
4.64,-31.1117479976556,-0.289920163692554
4.65,-31.0979215844267,-0.290537338865901
4.66,-31.0841476781847,-0.291154562642545
4.67,-31.0704261032967,-0.291771834968076
4.68,-31.0567566854278,-0.292389155784685
4.69,-31.0431392515282,-0.293006525031265
4.7,-31.0295736298208,-0.293623942643497
4.71,-31.0160596497898,-0.294241408553815
4.72,-31.002597142168,-0.294858922691575
4.73,-30.9891859389253,-0.295476484983053
4.74,-30.9758258732576,-0.296094095351486
4.75,-30.9625167795743,-0.296711753717173
4.76,-30.949258493488,-0.297329459997498
4.77,-30.9360508518026,-0.297947214107002
4.78,-30.9228936925024,-0.298565015957447
4.79,-30.9097868547415,-0.299182865457807
4.8,-30.8967301788323,-0.299800762514402
4.81,-30.8837235062355,-0.300418707030965
4.82,-30.8707666795493,-0.301036698908551
4.83,-30.8578595424989,-0.301654738045729
4.84,-30.8450019399258,-0.302272824338649
4.85,-30.8321937177789,-0.302890957680943
4.86,-30.8194347231031,-0.30350913796392
4.87,-30.8067248040299,-0.30412736507658
4.88,-30.7940638097678,-0.304745638905599
4.89,-30.7814515905922,-0.305363959335459
4.9,-30.7688879978362,-0.30598232624847
4.91,-30.7563728838806,-0.306600739524827
4.92,-30.7439061021452,-0.307219199042612
4.93,-30.7314875070789,-0.307837704677899
4.94,-30.7191169541515,-0.308456256304772
4.95,-30.7067942998432,-0.309074853795378
4.96,-30.6945194016371,-0.30969349701997
4.97,-30.6822921180096,-0.310312185847003
4.98,-30.6701123084223,-0.310930920143042
4.99,-30.6579798333121,-0.311549699772974
5,-30.6458945540845,-0.312168524599944
5.01,-30.6338563331038,-0.312787394485438
5.02,-30.6218650336851,-0.313406309289332
5.03,-30.6099205200867,-0.314025268869897
5.04,-30.5980226575009,-0.314644273083883
5.05,-30.5861713120472,-0.315263321786545
5.06,-30.5743663507632,-0.315882414831672
5.07,-30.5626076415975,-0.316501552071687
5.08,-30.5508950534019,-0.317120733357565
5.09,-30.539228455923,-0.317739958539025
5.1,-30.5276077197959,-0.318359227464449
5.11,-30.5160327165353,-0.318978539980996
5.12,-30.5045033185295,-0.319597895934581
5.13,-30.4930193990318,-0.320217295169989
5.14,-30.481580832154,-0.320836737530819
5.15,-30.4701874928591,-0.321456222859614
5.16,-30.4588392569545,-0.322075750997827
5.17,-30.4475360010839,-0.322695321785951
5.18,-30.4362776027223,-0.323314935063367
5.19,-30.4250639401671,-0.323934590668617
5.2,-30.413894892533,-0.324554288439309
5.21,-30.4027703397441,-0.325174028212112
5.22,-30.3916901625282,-0.325793809822923
5.23,-30.3806542424097,-0.326413633106745
5.24,-30.3696624617035,-0.327033497897899
5.25,-30.3587147035082,-0.327653404029878
5.26,-30.3478108517003,-0.328273351335526
5.27,-30.3369507909276,-0.328893339646919
5.28,-30.3261344066032,-0.32951336879562
5.29,-30.3153615848989,-0.330133438612439
5.3,-30.3046322127404,-0.330753548927686
5.31,-30.2939461777996,-0.331373699571092
5.32,-30.2833033684902,-0.331993890371876
5.33,-30.2727036739611,-0.332614121158774
5.34,-30.2621469840909,-0.333234391760001
5.35,-30.2516331894819,-0.333854702003383
5.36,-30.2411621814547,-0.334475051716361
5.37,-30.2307338520426,-0.335095440725968
5.38,-30.2203480939862,-0.335715868858874
5.39,-30.2100048007275,-0.336336335941468
5.4,-30.1997038664048,-0.336956841799809
5.41,-30.1894451858475,-0.337577386259727
5.42,-30.1792286545707,-0.338197969146759
5.43,-30.1690541687693,-0.338818590286302
5.44,-30.1589216253142,-0.339439249503525
5.45,-30.1488309217462,-0.340059946623394
5.46,-30.1387819562709,-0.340680681470808
5.47,-30.1287746277543,-0.34130145387051
5.48,-30.1188088357172,-0.341922263647181
5.49,-30.1088844803309,-0.342543110625395
5.5,-30.0990014624119,-0.343163994629738
5.51,-30.0891596834173,-0.343784915484749
5.52,-30.0793590454401,-0.344405873014977
5.53,-30.0695994512044,-0.345026867045018
5.54,-30.0598808040607,-0.345647897399446
5.55,-30.0502030079815,-0.346268963903023
5.56,-30.040565967557,-0.346890066380506
5.57,-30.0309695879897,-0.347511204656812
5.58,-30.0214137750908,-0.348132378556986
5.59,-30.0118984352756,-0.348753587906256
5.6,-30.002423475559,-0.349374832529893
5.61,-29.9929888035513,-0.349996112253593
5.62,-29.9835943274539,-0.350617426903078
5.63,-29.9742399560552,-0.351238776304377
5.64,-29.9649255987261,-0.351860160283758
5.65,-29.9556511654164,-0.352481578667802
5.66,-29.9464165666501,-0.353103031283275
5.67,-29.937221713522,-0.353724517957416
5.68,-29.9280665176931,-0.354346038517609
5.69,-29.9189508913872,-0.354967592791718
5.7,-29.9098747473863,-0.355589180607891
5.71,-29.9008379990277,-0.356210801794684
5.72,-29.8918405601991,-0.356832456181041
5.73,-29.8828823453353,-0.357454143596314
5.74,-29.8739632694149,-0.358075863870301
5.75,-29.8650832479558,-0.358697616833176
5.76,-29.8562421970118,-0.35931940231564
5.77,-29.8474400331692,-0.35994122014884
5.78,-29.8386766735429,-0.360563070164362
5.79,-29.8299520357729,-0.36118495219437
5.8,-29.821266038021,-0.361806866071515
5.81,-29.8126185989667,-0.362428811628894
5.82,-29.8040096378047,-0.363050788700313
5.83,-29.7954390742407,-0.363672797119933
5.84,-29.7869068284881,-0.36429483672268
5.85,-29.7784128212649,-0.364916907343872
5.86,-29.7699569737904,-0.365539008819601
5.87,-29.7615392077817,-0.366161140986373
5.88,-29.7531594454504,-0.366783303681482
5.89,-29.7448176095,-0.367405496742737
5.9,-29.7365136231216,-0.368027720008633
5.91,-29.7282474099918,-0.36864997331833
5.92,-29.7200188942691,-0.369272256511578
5.93,-29.7118280005908,-0.369894569428909
5.94,-29.7036746540702,-0.370516911911408
5.95,-29.6955587802929,-0.371139283800971
5.96,-29.6874803053148,-0.371761684940115
5.97,-29.6794391556586,-0.372384115172116
5.98,-29.6714352583104,-0.37300657434097
5.99,-29.6634685407179,-0.373629062291325
6,-29.6555389307864,-0.374251578868683
6.01,-29.6476463568767,-0.374874123919247
6.02,-29.639790747802,-0.375496697289922
6.03,-29.631972032825,-0.376119298828497
6.04,-29.6241901416553,-0.376741928383421
6.05,-29.6164450044468,-0.37736458580394
6.06,-29.6087365517944,-0.377987270940183
6.07,-29.6010647147322,-0.378609983643019
6.08,-29.5934294247301,-0.379232723764024
6.09,-29.5858306136914,-0.379855491155746
6.1,-29.5782682139503,-0.380478285671451
6.11,-29.5707421582692,-0.381101107165284
6.12,-29.5632523798363,-0.381723955492111
6.13,-29.5557988122629,-0.382346830507846
6.14,-29.5483813895808,-0.382969732068979
6.15,-29.5410000462402,-0.383592660033079
6.16,-29.5336547171069,-0.384215614258424
6.17,-29.5263453374599,-0.384838594604216
6.18,-29.5190718429893,-0.38546160093053
6.19,-29.5118341697935,-0.386084633098265
6.2,-29.504632254377,-0.386707690969211
6.21,-29.4974660336482,-0.38733077440607
6.22,-29.4903354449171,-0.387953883272366
6.23,-29.4832404258925,-0.388577017432581
6.24,-29.4761809146803,-0.38920017675208
6.25,-29.4691568497813,-0.389823361097072
6.26,-29.4621681700884,-0.390446570334655
6.27,-29.4552148148849,-0.391069804332946
6.28,-29.4482967238419,-0.391693062960884
6.29,-29.4414138370168,-0.39231634608829
6.3,-29.4345660948504,-0.392939653585944
6.31,-29.4277534381651,-0.393562985325606
6.32,-29.4209758081631,-0.39418634117984
6.33,-29.4142331464239,-0.394809721022137
6.34,-29.4075253949022,-0.395433124727055
6.35,-29.4008524959262,-0.396056552169899
6.36,-29.3942143921954,-0.396680003227071
6.37,-29.3876110267787,-0.397303477775735
6.38,-29.3810423431121,-0.397926975694142
6.39,-29.3745082849974,-0.398550496861336
6.4,-29.3680087965991,-0.399174041157459
6.41,-29.361543822444,-0.399797608463493
6.42,-29.3551133074178,-0.400421198661335
6.43,-29.3487171967645,-0.401044811633898
6.44,-29.3423554360836,-0.401668447265011
6.45,-29.3360279713287,-0.402292105439352
6.46,-29.3297347488053,-0.402915786042734
6.47,-29.3234757151696,-0.403539488961746
6.48,-29.3172508174261,-0.404163214084023
6.49,-29.3110600029261,-0.40478696129809
6.5,-29.304903219366,-0.405410730493441
6.51,-29.2987804147853,-0.406034521560553
6.52,-29.2926915375648,-0.406658334390715
6.53,-29.2866365364257,-0.407282168876356
6.54,-29.2806153604267,-0.407906024910682
6.55,-29.2746279589632,-0.408529902387979
6.56,-29.2686742817653,-0.409153801203378
6.57,-29.2627542788961,-0.409777721253066
6.58,-29.2568679007502,-0.410401662433957
6.59,-29.2510150980523,-0.411025624644165
6.6,-29.245195821855,-0.411649607782573
6.61,-29.2394100235376,-0.412273611749181
6.62,-29.2336576548048,-0.412897636444615
6.63,-29.2279386676841,-0.413521681770852
6.64,-29.2222530145259,-0.414145747630509
6.65,-29.2166006480005,-0.414769833927226
6.66,-29.2109815210971,-0.415393940565593
6.67,-29.2053955871227,-0.416018067451112
6.68,-29.1998427997,-0.416642214490265
6.69,-29.1943231127661,-0.417266381590359
6.7,-29.1888364805714,-0.417890568659802
6.71,-29.1833828576777,-0.418514775607727
6.72,-29.1779621989572,-0.419139002344327
6.73,-29.1725744595905,-0.419763248780799
6.74,-29.1672195950658,-0.420387514828926
6.75,-29.1618975611771,-0.421011800401755
6.76,-29.1566083140232,-0.42163610541316
6.77,-29.1513518100059,-0.422260429777838
6.78,-29.1461280058292,-0.422884773411409
6.79,-29.1409368584974,-0.423509136230493
6.8,-29.1357783253137,-0.424133518152617
6.81,-29.1306523638801,-0.424757919096041
6.82,-29.1255589320943,-0.425382338980132
6.83,-29.1204979881501,-0.426006777725065
6.84,-29.1154694905347,-0.426631235251849
6.85,-29.1104733980286,-0.427255711482392
6.86,-29.1055096697037,-0.42788020633978
6.87,-29.1005782649222,-0.428504719747482
6.88,-29.0956791433354,-0.429129251630301
6.89,-29.0908122648826,-0.429753801913596
6.9,-29.0859775897897,-0.430378370523851
6.91,-29.0811750785682,-0.431002957388225
6.92,-29.0764046920137,-0.431627562434792
6.93,-29.0716663912054,-0.43225218559265
6.94,-29.0669601375041,-0.432876826791534
6.95,-29.0622858925518,-0.433501485962163
6.96,-29.0576436182701,-0.434126163036058
6.97,-29.0530332768591,-0.434750857945603
6.98,-29.0484548307969,-0.435375570624104
6.99,-29.0439082428374,-0.436000301005552
7,-29.0393934760103,-0.436625049024891
7.01,-29.0349104936195,-0.437249814617855
7.02,-29.0304592592419,-0.437874597721085
7.03,-29.0260397367269,-0.438499398271862
7.04,-29.0216518901946,-0.439124216208545
7.05,-29.0172956840355,-0.439749051470035
7.06,-29.0129710829091,-0.440373903996252
7.07,-29.0086780517427,-0.440998773727964
7.08,-29.0044165557311,-0.441623660606424
7.09,-29.0001865603347,-0.442248564573968
7.1,-28.9959880312793,-0.442873485573662
7.11,-28.9918209345546,-0.443498423549403
7.12,-28.9876852364134,-0.444123378445723
7.13,-28.983580903371,-0.444748350208103
7.14,-28.9795079022037,-0.445373338782663
7.15,-28.9754661999479,-0.445998344116379
7.16,-28.9714557639,-0.44662336615703
7.17,-28.9674765616142,-0.44724840485308
7.18,-28.9635285609029,-0.447873460153664
7.19,-28.9596117298345,-0.448498532008954
7.2,-28.9557260367339,-0.449123620369513
7.21,-28.9518714501804,-0.449748725186967
7.22,-28.9480479390075,-0.450373846413419
7.23,-28.944255472302,-0.45099898400189
7.24,-28.940494019403,-0.451624137906015
7.25,-28.9367635499009,-0.452249308080283
7.26,-28.933064033637,-0.452874494479682
7.27,-28.9293954407025,-0.453499697060099
7.28,-28.9257577414372,-0.454124915778106
7.29,-28.9221509064298,-0.454750150590927
7.3,-28.9185749065159,-0.45537540145645
7.31,-28.915029712778,-0.456000668333292
7.32,-28.9115152965444,-0.456625951180916
7.33,-28.9080316293884,-0.457251249959066
7.34,-28.9045786831278,-0.457876564628628
7.35,-28.9011564298239,-0.45850189515087
7.36,-28.8977648417809,-0.459127241487745
7.37,-28.8944038915449,-0.459752603601937
7.38,-28.8910735519036,-0.46037798145684
7.39,-28.8877737958853,-0.461003375016231
7.4,-28.8845045967582,-0.461628784244984
7.41,-28.8812659280296,-0.462254209108124
7.42,-28.8780577634455,-0.462879649571594
7.43,-28.8748800769898,-0.463505105601944
7.44,-28.8717328428833,-0.464130577166275
7.45,-28.8686160355836,-0.464756064232278
7.46,-28.8655296297839,-0.465381566768349
7.47,-28.8624736004126,-0.466007084743517
7.48,-28.8594479226327,-0.466632618127222
7.49,-28.8564525718409,-0.467258166889717
7.5,-28.8534875236673,-0.467883731001633
7.51,-28.8505527539745,-0.468509310434405
7.52,-28.8476482388572,-0.469134905159778
7.53,-28.8447739546413,-0.469760515150472
7.54,-28.8419298778836,-0.470386140379235
7.55,-28.8391159853711,-0.471011780819911
7.56,-28.8363322541202,-0.471637436446534
7.57,-28.8335786613765,-0.472263107233802
7.58,-28.8308551846136,-0.472888793156946
7.59,-28.8281618015337,-0.473514494191808
7.6,-28.8254984900655,-0.474140210314747
7.61,-28.8228652283647,-0.474765941502487
7.62,-28.8202619948134,-0.475391687732454
7.63,-28.8176887680191,-0.476017448982555
7.64,-28.8151455268144,-0.476643225231078
7.65,-28.8126322502565,-0.477269016457051
7.66,-28.8101489176267,-0.477894822639712
7.67,-28.8076955084299,-0.478520643759119
7.68,-28.8052720023936,-0.479146479795515
7.69,-28.8028783794684,-0.479772330729749
7.7,-28.8005146198266,-0.48039819654316
7.71,-28.7981807038621,-0.48102407721772
7.72,-28.7958766121899,-0.48164997273551
7.73,-28.7936023256454,-0.482275883079281
7.74,-28.7913578252844,-0.482901808232196
7.75,-28.7891430923822,-0.483527748177886
7.76,-28.7869581084334,-0.484153702900506
7.77,-28.784802855151,-0.484779672384423
7.78,-28.7826773144669,-0.485405656614673
7.79,-28.7805814685303,-0.486031655576516
7.8,-28.7785152997082,-0.486657669255834
7.81,-28.7764787905844,-0.487283697638736
7.82,-28.7744719239596,-0.487909740711864
7.83,-28.7724946828503,-0.488535798462069
7.84,-28.770547050489,-0.489161870877056
7.85,-28.7686290103236,-0.489787957944366
7.86,-28.7667405460169,-0.490414059652197
7.87,-28.7648816414464,-0.491040175989144
7.88,-28.7630522807037,-0.491666306944214
7.89,-28.7612524480945,-0.492292452506454
7.9,-28.7594821281376,-0.492918612665799
7.91,-28.7577413055653,-0.493544787412159
7.92,-28.7560299653223,-0.494170976735772
7.93,-28.7543480925661,-0.494797180627541
7.94,-28.7526956726659,-0.495423399078586
7.95,-28.7510726912029,-0.496049632080037
7.96,-28.7494791339696,-0.496675879623799
7.97,-28.7479149869694,-0.497302141701795
7.98,-28.7463802364167,-0.497928418306444
7.99,-28.7448748687363,-0.498554709430479
8,-28.7433988705629,-0.499181015066873
8.01,-28.7419522287412,-0.499807335208887
8.02,-28.7405349303255,-0.500433669850011
8.03,-28.739146962579,-0.5010600189842
8.04,-28.7377883129742,-0.501686382605721
8.05,-28.736458969192,-0.502312760708814
8.06,-28.7351589191217,-0.502939153288434
8.07,-28.7338881508609,-0.503565560339358
8.08,-28.7326466527149,-0.504191981856933
8.09,-28.7314344131965,-0.504818417836751
8.1,-28.7302514210259,-0.505444868274336
8.11,-28.7290976651305,-0.506071333165945
8.12,-28.7279731346444,-0.506697812507752
8.13,-28.7268778189082,-0.507324306296183
8.14,-28.7258117074691,-0.50795081452802
8.15,-28.7247747900804,-0.508577337200274
8.16,-28.7237670567012,-0.509203874310072
8.17,-28.7227884974961,-0.509830425854834
8.18,-28.7218391028358,-0.510456991832103
8.19,-28.7209188632957,-0.51108357223981
8.2,-28.7200277696566,-0.511710167075883
8.21,-28.7191658129039,-0.512336776338546
8.22,-28.718332984228,-0.512963400026139
8.23,-28.7175292750238,-0.51359003813746
8.24,-28.7167546768902,-0.514216690671
8.25,-28.7160091816305,-0.514843357625894
8.26,-28.7152927812522,-0.515470039001287
8.27,-28.7146054679662,-0.516096734796269
8.28,-28.7139472341873,-0.516723445010452
8.29,-28.7133180725337,-0.51735016964333
8.3,-28.7127179758272,-0.517976908694728
8.31,-28.7121469370925,-0.51860366216459
8.32,-28.7116049495576,-0.519230430052842
8.33,-28.7110920066535,-0.519857212359615
8.34,-28.7106081020138,-0.520484009085453
8.35,-28.7101532294748,-0.521110820230508
8.36,-28.7097273830757,-0.521737645795443
8.37,-28.7093305570578,-0.522364485780964
8.38,-28.7089627458651,-0.522991340187878
8.39,-28.7086239441434,-0.523618209016882
8.4,-28.7083141467411,-0.524245092269207
8.41,-28.7080333487084,-0.524871989945717
8.42,-28.7077815452976,-0.525498902047851
8.43,-28.707558731963,-0.526125828576702
8.44,-28.7073649043604,-0.526752769533541
8.45,-28.7072000583475,-0.52737972491999
8.46,-28.7070641899837,-0.528006694737433
8.47,-28.7069572955301,-0.528633678987359
8.48,-28.7068793714491,-0.529260677671561
8.49,-28.7068304144049,-0.529887690791773
8.5,-28.7068104212627,-0.530514718349559
8.51,-28.7068193890897,-0.531141760346877
8.52,-28.706857315154,-0.531768816785481
8.53,-28.7069241969252,-0.532395887667305
8.54,-28.7070200320741,-0.533022972994214
8.55,-28.707144818473,-0.533650072768268
8.56,-28.7072985541953,-0.534277186991514
8.57,-28.7074812375155,-0.534904315665781
8.58,-28.7076928669096,-0.535531458793135
8.59,-28.7079334410546,-0.536158616375857
8.6,-28.7082029588289,-0.536785788415662
8.61,-28.708501419312,-0.537412974914932
8.62,-28.7088288217847,-0.538040175875436
8.63,-28.7091851657292,-0.538667391299568
8.64,-28.7095704508286,-0.539294621189143
8.65,-28.7099846769674,-0.539921865546253
8.66,-28.7104278442318,-0.54054912437307
8.67,-28.7108999529088,-0.541176397671663
8.68,-28.7114010034873,-0.541803685443715
8.69,-28.7119309966572,-0.542430987691553
8.7,-28.71248993331,-0.543058304416768
8.71,-28.713077814539,-0.543685635621618
8.72,-28.7136946416388,-0.544312981307761
8.73,-28.7143404161056,-0.54494034147708
8.74,-28.7150151396375,-0.545567716131366
8.75,-28.7157188141343,-0.546195105272374
8.76,-28.7164514416977,-0.546822508901735
8.77,-28.7172130246312,-0.547449927021048
8.78,-28.7180035654406,-0.548077359631872
8.79,-28.7188230668336,-0.548704806735889
8.8,-28.7196715317199,-0.549332268334248
8.81,-28.7205489632121,-0.549959744428534
8.82,-28.7214553646246,-0.550587235019738
8.83,-28.7223907394747,-0.551214740109378
8.84,-28.723355091482,-0.55184225969838
8.85,-28.7243484245691,-0.55246979378754
8.86,-28.7253707428616,-0.553097342378291
8.87,-28.7264220506878,-0.553724905471053
8.88,-28.727502352579,-0.554352483066643
8.89,-28.7286116532702,-0.554980075165938
8.9,-28.7297499576996,-0.555607681769165
8.91,-28.7309172710088,-0.556235302876762
8.92,-28.7321135985433,-0.556862938489302
8.93,-28.7333389458524,-0.557490588606652
8.94,-28.7345933186894,-0.558118253228894
8.95,-28.7358767230117,-0.558745932356153
8.96,-28.7371891649811,-0.559373625988143
8.97,-28.7385306509641,-0.560001334124492
8.98,-28.7399011875317,-0.560629056764905
8.99,-28.7413007814596,-0.561256793908588
9,-28.7427294397292,-0.561884545555006
9.01,-28.7441871695264,-0.562512311703186
9.02,-28.7456739782431,-0.563140092352041
9.03,-28.7471898734766,-0.563767887500584
9.04,-28.7487348630302,-0.564395697147326
9.05,-28.7503089549132,-0.565023521290724
9.06,-28.7519121573414,-0.565651359929546
9.07,-28.7535444787369,-0.566279213061486
9.08,-28.7552059277284,-0.566907080684796
9.09,-28.7568965131519,-0.567534962797389
9.1,-28.7586162440507,-0.568162859396895
9.11,-28.7603651296752,-0.568790770480879
9.12,-28.7621431794837,-0.56941869604678
9.13,-28.7639504031423,-0.57004663609138
9.14,-28.7657868105255,-0.570674590611904
9.15,-28.7676524117162,-0.571302559605235
9.16,-28.769547217006,-0.5719305430679
9.17,-28.7714712368955,-0.572558540996309
9.18,-28.7734244820946,-0.573186553386588
9.19,-28.7754069635228,-0.573814580234859
9.2,-28.7774186923093,-0.574442621536855
9.21,-28.7794596797935,-0.57507067728841
9.22,-28.7815299375253,-0.57569874748452
9.23,-28.7836294772652,-0.576326832120766
9.24,-28.7857583109847,-0.576954931191937
9.25,-28.7879164508668,-0.577583044692875
9.26,-28.7901039093061,-0.578211172618145
9.27,-28.7923206989091,-0.578839314962225
9.28,-28.7945668324944,-0.579467471718765
9.29,-28.7968423230937,-0.580095642882212
9.3,-28.7991471839512,-0.580723828445947
9.31,-28.8014814285246,-0.581352028403405
9.32,-28.8038450704852,-0.581980242747952
9.33,-28.8062381237184,-0.582608471472481
9.34,-28.8086606023236,-0.583236714569581
9.35,-28.8111125206152,-0.583864972032099
9.36,-28.8135938931226,-0.584493243851907
9.37,-28.8161047345906,-0.585121530021335
9.38,-28.8186450599798,-0.585749830532005
9.39,-28.8212148844669,-0.586378145375539
9.4,-28.8238142234452,-0.587006474543058
9.41,-28.8264430925251,-0.587634818025743
9.42,-28.8291015075342,-0.588263175814208
9.43,-28.831789484518,-0.588891547899131
9.44,-28.8345070397399,-0.589519934270708
9.45,-28.8372541896821,-0.590148334918795
9.46,-28.8400309510456,-0.590776749833421
9.47,-28.842837340751,-0.591405179003941
9.48,-28.8456733759386,-0.592033622419443
9.49,-28.8485390739688,-0.592662080068806
9.5,-28.8514344524232,-0.593290551941062
9.51,-28.8543595291041,-0.593919038024343
9.52,-28.8573143220352,-0.594547538306682
9.53,-28.8602988494629,-0.59517605277598
9.54,-28.8633131298556,-0.595804581419964
9.55,-28.8663571819048,-0.596433124225822
9.56,-28.8694310245255,-0.597061681180834
9.57,-28.8725346768564,-0.597690252271157
9.58,-28.8756681582607,-0.59831883748351
9.59,-28.8788314883267,-0.598947436804285
9.6,-28.8820246868675,-0.599576050218969
9.61,-28.8852477739227,-0.600204677713276
9.62,-28.888500769758,-0.600833319272681
9.63,-28.8917836948656,-0.601461974881852
9.64,-28.8950965699656,-0.602090644525669
9.65,-28.8984394160058,-0.602719328188478
9.66,-28.9018122541625,-0.603348025854398
9.67,-28.9052151058408,-0.603976737507148
9.68,-28.9086479926756,-0.604605463130531
9.69,-28.9121109365315,-0.605234202707374
9.7,-28.9156039595038,-0.605862956220981
9.71,-28.9191270839189,-0.606491723653391
9.72,-28.9226803323351,-0.607120504987327
9.73,-28.9262637275427,-0.607749300204744
9.74,-28.9298772925649,-0.608378109286821
9.75,-28.9335210506587,-0.609006932215905
9.76,-28.9371950253145,-0.609635768971893
9.77,-28.9408992402573,-0.610264619536117
9.78,-28.9446337194482,-0.610893483889074
9.79,-28.9483984870829,-0.611522362010825
9.8,-28.9521935675942,-0.612151253881049
9.81,-28.9560189856515,-0.612780159479113
9.82,-28.9598747661624,-0.61340907878428
9.83,-28.9637609342722,-0.614038011775445
9.84,-28.9676775153652,-0.614666958430849
9.85,-28.9716245350656,-0.615295918729173
9.86,-28.9756020192372,-0.615924892647978
9.87,-28.9796099939848,-0.616553880164598
9.88,-28.9836484856551,-0.617182881256717
9.89,-28.9877175208365,-0.617811895900887
9.9,-28.9918171263601,-0.618440924073786
9.91,-28.9959473293008,-0.619069965751631
9.92,-29.0001081569779,-0.619699020910241
9.93,-29.004299636955,-0.620328089525482
9.94,-29.0085217970414,-0.620957171572207
9.95,-29.0127746652928,-0.621586267025513
9.96,-29.017058270012,-0.622215375860147
9.97,-29.0213726397493,-0.622844498050156
9.98,-29.0257178033033,-0.623473633569413
9.99,-29.0300937897222,-0.624102782391764
10,-29.0345006283034,-0.624731944490022
10.01,-29.0389383485954,-0.625361119837435
10.02,-29.043406980398,-0.625990308406841
10.03,-29.0479065537632,-0.62661951016977
10.04,-29.0524370989957,-0.627248725098698
10.05,-29.0569986466539,-0.627877953164862
10.06,-29.0615912275508,-0.628507194339744
10.07,-29.0662148727546,-0.629136448593996
10.08,-29.0708696135893,-0.629765715898257
10.09,-29.0755554816362,-0.630394996222776
10.1,-29.0802725087336,-0.631024289537522
10.11,-29.0850207269788,-0.631653595811692
10.12,-29.0898001687279,-0.632282915014669
10.13,-29.0946108665977,-0.632912247115219
10.14,-29.0994528534659,-0.633541592082273
10.15,-29.1043261624705,-0.634170949883112
10.16,-29.1092308270147,-0.634800320486626
10.17,-29.1141668807628,-0.635429703859323
10.18,-29.1191343576448,-0.636059099968735
10.19,-29.124133291856,-0.636688508781874
10.2,-29.129163717857,-0.637317930264668
10.21,-29.134225670376,-0.637947364383628
10.22,-29.1393191844089,-0.638576811104288
10.23,-29.1444442952205,-0.639206270392078
10.24,-29.1496010383453,-0.639835742212182
10.25,-29.1547894495885,-0.640465226529278
10.26,-29.160009565027,-0.641094723307661
10.27,-29.1652614210096,-0.641724232511339
10.28,-29.1705450541595,-0.64235375410413
10.29,-29.1758605013736,-0.642983288049179
10.3,-29.1812077998249,-0.64361283430992
10.31,-29.1865869869617,-0.644242392848472
10.32,-29.19199810051,-0.644871963626952
10.33,-29.1974411784755,-0.64550154660812
10.34,-29.2029162591413,-0.646131141753347
10.35,-29.2084233810719,-0.646760749023509
10.36,-29.2139625831126,-0.647390368379682
10.37,-29.2195339043913,-0.648019999782285
10.38,-29.2251373843198,-0.64864964319206
10.39,-29.2307730625935,-0.649279298568668
10.4,-29.2364409791939,-0.649908965871567
10.41,-29.2421411743885,-0.650538645059771
10.42,-29.2478736887329,-0.651168336092663
10.43,-29.2536385630709,-0.651798038928132
10.44,-29.2594358385372,-0.65242775352497
10.45,-29.2652655565558,-0.653057479840293
10.46,-29.2711277588437,-0.653687217832461
10.47,-29.2770224874107,-0.654316967458038
10.48,-29.2829497845611,-0.654946728674044
10.49,-29.2889096928936,-0.655576501436548
10.5,-29.2949022553046,-0.656206285702062
10.51,-29.3009275149876,-0.656836081426377
10.52,-29.3069855154351,-0.657465888564948
10.53,-29.3130763004385,-0.658095707072359
10.54,-29.3191999140924,-0.658725536904236
10.55,-29.3253564007917,-0.659355378014402
10.56,-29.3315458052362,-0.659985230357215
10.57,-29.3377681724296,-0.660615093886081
10.58,-29.3440235476825,-0.661244968554673
10.59,-29.3503119766117,-0.661874854316347
10.6,-29.3566335051429,-0.662504751123274
10.61,-29.3629881795117,-0.663134658928048
10.62,-29.3693760462646,-0.663764577682983
10.63,-29.3757971522601,-0.664394507339636
10.64,-29.3822515446699,-0.665024447849221
10.65,-29.388739270982,-0.665654399163271
10.66,-29.3952603789987,-0.666284361232401
10.67,-29.4018149168406,-0.666914334006589
10.68,-29.4084029329476,-0.66754431743664
10.69,-29.4150244760782,-0.668174311471748
10.7,-29.4216795953138,-0.668804316061365
10.71,-29.4283683400581,-0.669434331154923
10.72,-29.4350907600387,-0.670064356700883
10.73,-29.4418469053097,-0.670694392647983
10.74,-29.4486368262506,-0.671324438944187
10.75,-29.4554605735706,-0.671954495536901
10.76,-29.4623181983087,-0.672584562374544
10.77,-29.4692097518341,-0.673214639403418
10.78,-29.4761352858498,-0.673844726570713
10.79,-29.4830948523919,-0.674474823822979
10.8,-29.490088503833,-0.675104931106251
10.81,-29.4971162928819,-0.675735048366204
10.82,-29.504178272587,-0.676365175549057
10.83,-29.5112744963361,-0.676995312599563
10.84,-29.5184050178583,-0.677625459463003
10.85,-29.5255698912261,-0.678255616083289
10.86,-29.5327691708572,-0.678885782405426
10.87,-29.5400029115147,-0.679515958373162
10.88,-29.54727116831,-0.680146143930339
10.89,-29.5545739967034,-0.680776339020083
10.9,-29.5619114525062,-0.681406543585328
10.91,-29.569283591883,-0.682036757569246
10.92,-29.5766904713514,-0.682666980914107
10.93,-29.5841321477861,-0.683297213562512
10.94,-29.5916086784176,-0.68392745545521
10.95,-29.5991201208371,-0.684557706534781
10.96,-29.6066665329955,-0.68518796674194
10.97,-29.6142479732067,-0.685818236017953
10.98,-29.6218645001488,-0.686448514303037
10.99,-29.6295161728655,-0.687078801538104
11,-29.6372030507681,-0.687709097662707
11.01,-29.6449251936377,-0.688339402617097
11.02,-29.6526826616259,-0.688969716340263
11.03,-29.6604755152578,-0.689600038771763
11.04,-29.6683038154326,-0.690230369850118
11.05,-29.6761676234267,-0.690860709514616
11.06,-29.6840670008938,-0.691491057702726
11.07,-29.6920020098683,-0.692121414352948
11.08,-29.699972712767,-0.692751779402848
11.09,-29.7079791723901,-0.693382152790563
11.1,-29.7160214519233,-0.694012534452257
11.11,-29.72409961494,-0.694642924325393
11.12,-29.7322137254037,-0.695273322346594
11.13,-29.7403638476687,-0.695903728452155
11.14,-29.7485500464834,-0.696534142578302
11.15,-29.7567723869904,-0.697164564660567
11.16,-29.76503093473,-0.697794994634402
11.17,-29.7733257556435,-0.698425432435923
11.18,-29.7816569160715,-0.699055877999347
11.19,-29.7900244827582,-0.699686331259391
11.2,-29.7984285228542,-0.700316792150955
11.21,-29.8068691039167,-0.70094726060791
11.22,-29.8153462939132,-0.701577736564627
11.23,-29.8238601612218,-0.702208219954582
11.24,-29.832410774635,-0.702838710711097
11.25,-29.8409982033613,-0.703469208767402
11.26,-29.8496225170262,-0.704099714056514
11.27,-29.8582837856775,-0.704730226511323
11.28,-29.8669820797825,-0.705360746063673
11.29,-29.8757174702357,-0.705991272646423
11.3,-29.8844900283563,-0.706621806191183
11.31,-29.8932998258941,-0.707252346629891
11.32,-29.9021469350285,-0.707882893893183
11.33,-29.9110314283744,-0.708513447913501
11.34,-29.9199533789816,-0.709144008621281
11.35,-29.9289128603372,-0.709774575946875
11.36,-29.9379099463699,-0.710405149821213
11.37,-29.946944711451,-0.711035730174713
11.38,-29.9560172303967,-0.711666316937087
11.39,-29.9651275784708,-0.712296910038136
11.4,-29.974275831388,-0.712927509407911
11.41,-29.9834620653143,-0.713558114975443
11.42,-29.9926863568704,-0.714188726669829
11.43,-30.0019487831356,-0.714819344420085
11.44,-30.0112494216485,-0.715449968155108
11.45,-30.0205883504098,-0.716080597803116
11.46,-30.029965647885,-0.716711233292626
11.47,-30.0393813930078,-0.717341874551942
11.48,-30.0488356651807,-0.717972521507975
11.49,-30.0583285442803,-0.718603174089403
11.5,-30.0678601106574,-0.719233832223359
11.51,-30.0774304451414,-0.719864495837008
11.52,-30.0870396290416,-0.720495164857546
11.53,-30.0966877441506,-0.721125839211694
11.54,-30.1063748727477,-0.721756518826212
11.55,-30.1161010976004,-0.722387203627517
11.56,-30.1258665019672,-0.723017893541919
11.57,-30.1356711696017,-0.723648588495551
11.58,-30.1455151847543,-0.72427928841419
11.59,-30.1553986321752,-0.72490999322382
11.6,-30.1653215971165,-0.725540702849592
11.61,-30.1752841653374,-0.726171417217437
11.62,-30.1852864231044,-0.726802136251824
11.63,-30.1953284571965,-0.727432859878518
11.64,-30.2054103549057,-0.728063588021746
11.65,-30.2155322040424,-0.728694320606568
11.66,-30.2256940929372,-0.729325057557183
11.67,-30.235896110444,-0.729955798798387
11.68,-30.2461383459425,-0.730586544253801
11.69,-30.2564208893429,-0.73121729384785
11.7,-30.2667438310872,-0.731848047504215
11.71,-30.2771072621541,-0.732478805147029
11.72,-30.28751127406,-0.733109566699242
11.73,-30.2979559588639,-0.733740332084361
11.74,-30.3084414091707,-0.734371101225859
11.75,-30.3189677181334,-0.735001874047148
11.76,-30.3295349794558,-0.735632650470731
11.77,-30.3401432873981,-0.736263430419539
11.78,-30.3507927367782,-0.736894213816094
11.79,-30.3614834229762,-0.73752500058317
11.8,-30.3722154419376,-0.738155790643959
11.81,-30.382988890175,-0.738786583919401
11.82,-30.3938038647749,-0.739417380332352
11.83,-30.4046604633977,-0.740048179805068
11.84,-30.4155587842835,-0.74067898225904
11.85,-30.4264989262553,-0.741309787616675
11.86,-30.4374809887201,-0.741940595798929
11.87,-30.4485050716775,-0.742571406728019
11.88,-30.4595712757179,-0.743202220325325
11.89,-30.47067970203,-0.743833036512013
11.9,-30.4818304524022,-0.74446385520961
11.91,-30.4930236292275,-0.745094676339188
11.92,-30.5042593355064,-0.74572549982119
11.93,-30.5155376748529,-0.746356325578002
11.94,-30.5268587514951,-0.746987153529817
11.95,-30.5382226702797,-0.747617983596871
11.96,-30.5496295366792,-0.748248815700478
11.97,-30.5610794567913,-0.74887964976148
11.98,-30.5725725373456,-0.749510485699721
11.99,-30.584108885707,-0.750141323436265
12,-30.5956886098788,-0.75077216289103
12.01,-30.6073118185099,-0.751403003985343
12.02,-30.6189786208919,-0.752033846638118
12.03,-30.6306891269727,-0.752664690770557
12.04,-30.6424434473526,-0.753295536302337
12.05,-30.6542416932932,-0.753926383154
12.06,-30.6660839767189,-0.754557231244927
12.07,-30.6779704102231,-0.755188080495346
12.08,-30.6899011070714,-0.755818930824818
12.09,-30.7018761812067,-0.756449782154173
12.1,-30.7138957472526,-0.75708063440227
12.11,-30.7259599205187,-0.75771148748943
12.12,-30.7380688170041,-0.758342341334901
12.13,-30.750222553404,-0.758973195859193
12.14,-30.7624212471103,-0.759604050981021
12.15,-30.7746650162198,-0.760234906620386
12.16,-30.786953979539,-0.760865762697257
12.17,-30.799288256585,-0.761496619130908
12.18,-30.8116679675941,-0.762127475841143
12.19,-30.8240932335231,-0.762758332746863
12.2,-30.8365641760585,-0.7633891897686
12.21,-30.8490809176161,-0.7640200468247
12.22,-30.8616435813509,-0.764650903836207
12.23,-30.8742522911572,-0.765281760721105
12.24,-30.8869071716785,-0.765912617400048
12.25,-30.8996083483072,-0.766543473792115
12.26,-30.9123559471939,-0.767174329816438
12.27,-30.9251500952511,-0.767805185393538
12.28,-30.937990920157,-0.768436040441839
12.29,-30.950878550362,-0.769066894881584
12.3,-30.963813115095,-0.769697748632475
12.31,-30.9767947443654,-0.770328601613978
12.32,-30.9898235689711,-0.770959453745019
12.33,-31.0028997205037,-0.771590304946316
12.34,-31.0160233313527,-0.772221155136927
12.35,-31.0291945347113,-0.772852004236992
12.36,-31.0424134645823,-0.773482852166067
12.37,-31.0556802557825,-0.774113698843677
12.38,-31.0689950439516,-0.77474454419045
12.39,-31.0823579655524,-0.775375388125488
12.4,-31.0957691578804,-0.776006230568984
12.41,-31.1092287590714,-0.776637071441306
12.42,-31.1227369081006,-0.77726791066238
12.43,-31.1362937447941,-0.777898748152145
12.44,-31.1498994098329,-0.778529583830669
12.45,-31.1635540447592,-0.779160417618769
12.46,-31.1772577919818,-0.779791249436439
12.47,-31.1910107947829,-0.780422079204416
12.48,-31.2048131973221,-0.781052906842649
12.49,-31.2186651446472,-0.781683732271999
12.5,-31.2325667826957,-0.782314555413674
12.51,-31.2465182583026,-0.782945376188067
12.52,-31.2605197192066,-0.783576194515766
12.53,-31.274571314058,-0.78420701031786
12.54,-31.2886731924231,-0.784837823515585
12.55,-31.302825504792,-0.785468634029992
12.56,-31.3170284025846,-0.786099441782824
12.57,-31.3312820381563,-0.786730246694652
12.58,-31.3455865648065,-0.78736104868755
12.59,-31.3599421367846,-0.787991847683347
12.6,-31.3743489092961,-0.788622643603465
12.61,-31.3888070385085,-0.789253436369271
12.62,-31.4033166815636,-0.789884225904043
12.63,-31.4178779965759,-0.790515012129075
12.64,-31.4324911426466,-0.791145794966799
12.65,-31.4471562798689,-0.791776574339795
12.66,-31.4618735693331,-0.79240735017078
12.67,-31.4766431731347,-0.793038122382285
12.68,-31.4914652543838,-0.793668890896734
12.69,-31.5063399772092,-0.79429965563776
12.7,-31.5212675067704,-0.794930416528516
12.71,-31.5362480092587,-0.795561173492535
12.72,-31.5512816519088,-0.796191926452702
12.73,-31.5663686030082,-0.796822675333271
12.74,-31.5815090318998,-0.797453420058625
12.75,-31.5967031089923,-0.798084160551546
12.76,-31.6119510057697,-0.79871489673776
12.77,-31.6272528947962,-0.799345628540343
12.78,-31.6426089497246,-0.799976355884565
12.79,-31.6580193453071,-0.80060707869542
12.8,-31.6734842574,-0.801237796897888
12.81,-31.6890038629739,-0.801868510416913
12.82,-31.704578340119,-0.802499219177996
12.83,-31.7202078680594,-0.80312992310702
12.84,-31.7358926271548,-0.803760622130021
12.85,-31.7516327989136,-0.804391316173012
12.86,-31.7674285659969,-0.80502200516156
12.87,-31.7832801122343,-0.805652689022615
12.88,-31.7991876226237,-0.806283367683503
12.89,-31.8151512833477,-0.806914041070932
12.9,-31.8311712817784,-0.807544709112132
12.91,-31.847247806485,-0.808175371734182
12.92,-31.8633810472485,-0.808806028865269
12.93,-31.8795711950644,-0.809436680433623
12.94,-31.8958184421558,-0.810067326366589
12.95,-31.9121229819815,-0.810697966593317
12.96,-31.9284850092457,-0.811328601042987
12.97,-31.9449047199046,-0.81195922964367
12.98,-31.9613823111814,-0.812589852325303
12.99,-31.9779179815706,-0.813220469017167
13,-31.9945119308513,-0.813851079649348
13.01,-32.0111643600932,-0.814481684152102
13.02,-32.0278754716704,-0.815112282455496
13.03,-32.0446454692682,-0.815742874490161
13.04,-32.0614745578962,-0.816373460187577
13.05,-32.0783629438935,-0.817004039478976
13.06,-32.0953108349457,-0.817634612295994
13.07,-32.1123184400871,-0.818265178570269
13.08,-32.1293859697182,-0.818895738234242
13.09,-32.1465136356109,-0.819526291220155
13.1,-32.1637016509257,-0.820156837461684
13.11,-32.1809502302118,-0.820787376891052
13.12,-32.1982595894281,-0.821417909442537
13.13,-32.215629945949,-0.822048435050057
13.14,-32.2330615185735,-0.822678953646836
13.15,-32.250554527543,-0.823309465168628
13.16,-32.2681091945439,-0.823939969549338
13.17,-32.2857257427265,-0.824570466725134
13.18,-32.3034043967112,-0.825200956630962
13.19,-32.3211453825997,-0.825831439203019
13.2,-32.3389489279906,-0.826461914377539
13.21,-32.3568152619872,-0.827092382091125
13.22,-32.3747446152117,-0.827722842281304
13.23,-32.3927372198136,-0.828353294884321
13.24,-32.4107933094855,-0.828983739839404
13.25,-32.428913119474,-0.829614177084516
13.26,-32.4470968865862,-0.830244606557429
13.27,-32.465344849212,-0.830875028197447
13.28,-32.4836572473296,-0.831505441944517
13.29,-32.5020343225176,-0.83213584773775
13.3,-32.5204763179703,-0.832766245517799
13.31,-32.5389834785086,-0.833396635224907
13.32,-32.5575560505929,-0.834027016799978
13.33,-32.5761942823376,-0.834657390184616
13.34,-32.5948984235214,-0.835287755321308
13.35,-32.6136687256,-0.835918112151064
13.36,-32.6325054417238,-0.83654846061776
13.37,-32.6514088267448,-0.837178800663547
13.38,-32.6703791372352,-0.837809132233023
13.39,-32.6894166314983,-0.838439455269531
13.4,-32.7085215695813,-0.839069769717763
13.41,-32.7276942132897,-0.839700075521998
13.42,-32.7469348262042,-0.840330372628777
13.43,-32.7662436736893,-0.840960660983599
13.44,-32.7856210229091,-0.841590940532214
13.45,-32.8050671428437,-0.842221211221768
13.46,-32.8245823043021,-0.842851473000112
13.47,-32.8441667799349,-0.843481725813848
13.48,-32.8638208442489,-0.844111969612042
13.49,-32.8835447736248,-0.844742204342743
13.5,-32.9033388463286,-0.845372429955841
13.51,-32.923203342529,-0.846002646401057
13.52,-32.9431385443076,-0.846632853627979
13.53,-32.96314473568,-0.847263051587588
13.54,-32.9832222026067,-0.847893240231634
13.55,-33.00337123301,-0.848523419511455
13.56,-33.0235921167888,-0.849153589379215
13.57,-33.0438851458323,-0.849783749787766
13.58,-33.0642506140404,-0.850413900690054
13.59,-33.084688817336,-0.851044042041196
13.6,-33.1052000536787,-0.851674173794537
13.61,-33.1257846230846,-0.852304295904888
13.62,-33.1464428276431,-0.85293440832853
13.63,-33.1671749715257,-0.853564511020672
13.64,-33.1879813610136,-0.854194603938486
13.65,-33.208862304502,-0.854824687039012
13.66,-33.2298181125265,-0.855454760279811
13.67,-33.250849097775,-0.856084823619288
13.68,-33.271955575103,-0.856714877016618
13.69,-33.2931378615538,-0.857344920430427
13.7,-33.3143962763749,-0.85797495382126
13.71,-33.3357311410326,-0.858604977149817
13.72,-33.3571427792336,-0.859234990378496
13.73,-33.3786315169349,-0.859864993466182
13.74,-33.4001976823683,-0.860494986377377
13.75,-33.4218416060581,-0.861124969075369
13.76,-33.4435636208305,-0.861754941522173
13.77,-33.4653640618403,-0.862384903683652
13.78,-33.4872432665834,-0.863014855523494
13.79,-33.5092015749183,-0.863644797008081
13.8,-33.5312393290809,-0.864274728103491
13.81,-33.5533568737033,-0.864904648775467
13.82,-33.5755545558344,-0.865534558992505
13.83,-33.5978327249553,-0.866164458721816
13.84,-33.6201917329993,-0.866794347932895
13.85,-33.6426319343722,-0.867424226595198
13.86,-33.6651536859634,-0.868054094677353
13.87,-33.6877573471756,-0.868683952151481
13.88,-33.7104432799349,-0.869313798988234
13.89,-33.7332118487139,-0.869943635159846
13.9,-33.7560634205494,-0.870573460638944
13.91,-33.77899836506,-0.871203275398625
13.92,-33.8020170544712,-0.87183307941379
13.93,-33.8251198636235,-0.872462872657407
13.94,-33.8483071700063,-0.873092655106694
13.95,-33.8715793537632,-0.873722426737347
13.96,-33.8949367977215,-0.874352187526046
13.97,-33.9183798874058,-0.87498193745061
13.98,-33.9419090110594,-0.875611676488295
13.99,-33.9655245596675,-0.876241404619748
14,-33.9892269269688,-0.876871121822433
14.01,-34.0130165094856,-0.877500828079087
14.02,-34.0368937065331,-0.878130523369312
14.03,-34.0608589202474,-0.878760207676052
14.04,-34.0849125556001,-0.879389880981267
14.05,-34.1090550204228,-0.880019543268127
14.06,-34.1332867254229,-0.880649194521973
14.07,-34.1576080842066,-0.88127883472644
14.08,-34.182019513293,-0.881908463867843
14.09,-34.2065214321479,-0.882538081932494
14.1,-34.2311142631847,-0.883167688907187
14.11,-34.2557984318014,-0.883797284781194
14.12,-34.2805743663883,-0.88442686954132
14.13,-34.3054424983589,-0.885056443179068
14.14,-34.3304032621582,-0.885686005683008
14.15,-34.3554570952942,-0.886315557045396
14.16,-34.3806044383493,-0.886945097257811
14.17,-34.4058457350043,-0.88757462631331
14.18,-34.4311814320539,-0.888204144204524
14.19,-34.4566119794361,-0.888833650926299
14.2,-34.4821378302407,-0.889463146474047
14.21,-34.5077594407354,-0.890092630844449
14.22,-34.5334772703822,-0.890722104032269
14.23,-34.5592917818611,-0.891351566036536
14.24,-34.5852034410865,-0.891981016856044
14.25,-34.6112127172221,-0.892610456488976
14.26,-34.6373200827119,-0.893239884936499
14.27,-34.6635260132853,-0.893869302199142
14.28,-34.6898309879843,-0.894498708278489
14.29,-34.7162354891824,-0.89512810317794
14.3,-34.7427400025996,-0.895757486901246
14.31,-34.76934501732,-0.896386859451968
14.32,-34.7960510258134,-0.897016220835274
14.33,-34.8228585239508,-0.897645571058927
14.34,-34.8497680110229,-0.898274910128777
14.35,-34.8767799897572,-0.898904238053297
14.36,-34.9038949663317,-0.899533554840545
14.37,-34.9311134504011,-0.900162860501978
14.38,-34.9584359551,-0.900792155046627
14.39,-34.9858629970687,-0.901421438486439
14.4,-35.0133950964667,-0.902050710834978
14.41,-35.0410327769855,-0.902679972104419
14.42,-35.0687765658645,-0.903309222309605
14.43,-35.0966269939087,-0.903938461465522
14.44,-35.124584595498,-0.904567689589302
14.45,-35.1526499086043,-0.905196906696466
14.46,-35.1808234748028,-0.905826112806725
14.47,-35.2091058392826,-0.906455307937914
14.48,-35.2374975508658,-0.907084492111361
14.49,-35.2659991620078,-0.907713665345966
14.5,-35.2946112288207,-0.908342827665143
14.51,-35.3233343110736,-0.908971979091233
14.52,-35.3521689722046,-0.90960111964847
14.53,-35.3811157793327,-0.910230249361604
14.54,-35.4101753032625,-0.910859368255512
14.55,-35.439348118493,-0.911488476358081
14.56,-35.4686348032207,-0.912117573695879
14.57,-35.4980359393515,-0.912746660298215
14.58,-35.5275521125003,-0.913375736195388
14.59,-35.5571839119957,-0.914004801417624
14.6,-35.5869319308826,-0.914633855996161
14.61,-35.6167967659244,-0.915262899964751
14.62,-35.6467790176019,-0.915891933355547
14.63,-35.6768792901207,-0.916520956205616
14.64,-35.7070981913932,-0.917149968549118
14.65,-35.7374363330517,-0.917778970422785
14.66,-35.7678943304349,-0.918407961865398
14.67,-35.798472802589,-0.919036942916003
14.68,-35.8291723722508,-0.919665913613071
14.69,-35.859993665849,-0.920294873999265
14.7,-35.8909373134892,-0.920923824115138
14.71,-35.9220039489443,-0.921552764005432
14.72,-35.9531942096366,-0.922181693712771
14.73,-35.9845087366311,-0.922810613283244
14.74,-36.0159481746088,-0.923439522763411
14.75,-36.0475131718568,-0.924068422200156
14.76,-36.0792043802387,-0.924697311641673
14.77,-36.1110224551816,-0.925326191137497
14.78,-36.1429680556422,-0.925955060739043
14.79,-36.1750418440835,-0.926583920497487
14.8,-36.2072444864484,-0.927212770466168
14.81,-36.2395766521196,-0.927841610698444
14.82,-36.2720390138922,-0.928470441249318
14.83,-36.3046322479334,-0.929099262175442
14.84,-36.3373570337437,-0.929728073534031
14.85,-36.3702140541132,-0.93035687538263
14.86,-36.4032039950746,-0.930985667781796
14.87,-36.4363275458577,-0.931614450791592
14.88,-36.4695853988362,-0.93224322447429
14.89,-36.502978249469,-0.932871988892258
14.9,-36.5365067962454,-0.933500744110055
14.91,-36.5701717406211,-0.934129490192613
14.92,-36.6039737869522,-0.934758227206811
14.93,-36.6379136424225,-0.935386955219647
14.94,-36.6719920169701,-0.936015674299539
14.95,-36.7062096232145,-0.93664438451716
14.96,-36.7405671763668,-0.937273085943024
14.97,-36.77506539414,-0.937901778649103
14.98,-36.8097049966646,-0.938530462709118
14.99,-36.8444867063911,-0.939159138198254
15,-36.8794112479755,-0.939787805191535
15.01,-36.9144793481866,-0.940416463766578
15.02,-36.9496917357788,-0.941045114000293
15.03,-36.9850491413869,-0.94167375597328
15.04,-37.0205522973888,-0.942302389765462
15.05,-37.0562019377808,-0.942931015458531
15.06,-37.0919987980385,-0.943559633136814
15.07,-37.1279436149653,-0.944188242882301
15.08,-37.1640371265543,-0.944816844782356
15.09,-37.2002800718125,-0.9454454389226
15.1,-37.2366731906135,-0.946074025392108
15.11,-37.2732172235005,-0.946702604278459
15.12,-37.3099129115227,-0.947331175673012
15.13,-37.3467609960344,-0.9479597396673
15.14,-37.383762218497,-0.948588296354695
15.15,-37.4209173202669,-0.949216845828219
15.16,-37.4582270423838,-0.949845388183837
15.17,-37.4956921253383,-0.950473923518841
15.18,-37.5333133088258,-0.951102451930166
15.19,-37.5710913315095,-0.951730973517453
15.2,-37.6090269307507,-0.952359488380822
15.21,-37.6471208423435,-0.952987996623149
15.22,-37.6853738002228,-0.953616498346951
15.23,-37.723786536171,-0.954244993656105
15.24,-37.7623597795112,-0.954873482656657
15.25,-37.8010942567833,-0.955501965455749
15.26,-37.8399906914055,-0.956130442161596
15.27,-37.8790498033237,-0.956758912882954
15.28,-37.9182723086459,-0.9573873777316
15.29,-37.9576589192657,-0.958015836820743
15.3,-37.9972103424516,-0.958644290261861
15.31,-38.0369272804459,-0.959272738170053
15.32,-38.0768104300297,-0.959901180662708
15.33,-38.1168604820678,-0.960529617856057
15.34,-38.1570781210467,-0.961158049869993
15.35,-38.1974640245831,-0.961786476824151
15.36,-38.2380188629187,-0.962414898841005
15.37,-38.2787432983878,-0.963043316041303
15.38,-38.3196379848715,-0.963671728551538
15.39,-38.3607035672213,-0.96430013649593
15.4,-38.4019406806671,-0.964928540002112
15.41,-38.4433499501905,-0.965556939198948
15.42,-38.4849319898847,-0.966185334214695
15.43,-38.5266874022813,-0.966813725181123
15.44,-38.5686167776537,-0.967442112230318
15.45,-38.6107206932902,-0.968070495497002
15.46,-38.6529997127343,-0.968698875115917
15.47,-38.6954543850056,-0.969327251223618
15.48,-38.7380852437833,-0.969955623958441
15.49,-38.7808928065523,-0.970583993459912
15.5,-38.8238775737233,-0.97121235986794
15.51,-38.8670400277192,-0.971840723325392
15.52,-38.9103806320174,-0.972469083975779
15.53,-38.9538998301635,-0.973097441964145
15.54,-38.9975980447431,-0.97372579743707
15.55,-39.0414756763046,-0.97435415054269
15.56,-39.0855331022612,-0.974982501429793
15.57,-39.1297706757306,-0.975610850249314
15.58,-39.1741887243398,-0.976239197154631
15.59,-39.2187875489766,-0.976867542296892
15.6,-39.263567422511,-0.9774958858326
15.61,-39.308528588439,-0.978124227918688
15.62,-39.3536712595034,-0.978752568712499
15.63,-39.3989956162443,-0.979380908374419
15.64,-39.4445018054969,-0.980009247063818
15.65,-39.4901899388453,-0.980637584943398
15.66,-39.5360600910004,-0.981265922177806
15.67,-39.5821122981312,-0.981894258932384
15.68,-39.6283465561193,-0.982522595373251
15.69,-39.6747628187715,-0.983150931668114
15.7,-39.7213609959369,-0.983779267987839
15.71,-39.7681409515817,-0.984407604503707
15.72,-39.8151025017707,-0.985035941387205
15.73,-39.8622454125948,-0.985664278813819
15.74,-39.9095693980051,-0.986292616958332
15.75,-39.957074117585,-0.986920955998696
15.76,-40.0047591742245,-0.987549296112719
15.77,-40.0526241117253,-0.988177637480504
15.78,-40.1006684123155,-0.988805980284744
15.79,-40.1488914940715,-0.989434324708608
15.8,-40.1972927082536,-0.990062670936392
15.81,-40.2458713365447,-0.990691019154077
15.82,-40.2946265881986,-0.991319369550575
15.83,-40.3435575970743,-0.991947722313479
15.84,-40.3926634185918,-0.992576077636351
15.85,-40.4419430265521,-0.993204435708463
15.86,-40.4913953098804,-0.993832796725616
15.87,-40.5410190692349,-0.994461160883271
15.88,-40.5908130135129,-0.995089528377127
15.89,-40.6407757562422,-0.995717899407645
15.9,-40.6909058118401,-0.99634627417373
15.91,-40.741201591764,-0.996974652876375
15.92,-40.7916614005375,-0.997603035721035
15.93,-40.8422834316271,-0.998231422911364
15.94,-40.8930657632146,-0.998859814653356
15.95,-40.9440063538229,-0.999488211155139
15.96,-40.9951030378063,-1.00011661262722
15.97,-41.0463535207012,-1.00074501927983
15.98,-41.0977553744382,-1.00137343132526
15.99,-41.1493060324137,-1.00200184897798
16,-41.2010027844078,-1.0026302724552
