"Freq [GHz]","dB(St(sma_cpw_Unnamed_4_T1,sma_cpw_Unnamed_4_T1)) []","dB(St(micro_line_T1,sma_cpw_Unnamed_4_T1)) []"
0,-76.9537440509793,-0.00113839893356202
1E-09,-76.9537439869108,-0.00113839892688704
1.12201845430196E-09,-76.9537440420518,-0.00113839893443099
1.25892541179417E-09,-76.9537440405029,-0.00113839893199575
1.41253754462275E-09,-76.9537440057042,-0.00113839892802606
1.58489319246111E-09,-76.9537440263557,-0.00113839892955568
1.77827941003892E-09,-76.9537440400311,-0.00113839893297177
1.99526231496888E-09,-76.9537440711147,-0.00113839893666853
2.23872113856834E-09,-76.9537440612621,-0.00113839893308944
2.51188643150958E-09,-76.9537440010573,-0.0011383989283125
2.81838293126445E-09,-76.9537440528157,-0.00113839893281264
3.16227766016838E-09,-76.9537440084539,-0.00113839892750621
3.54813389233575E-09,-76.9537440579975,-0.00113839893265254
3.98107170553497E-09,-76.9537440106406,-0.00113839893121261
4.46683592150963E-09,-76.9537440339329,-0.00113839893142961
5.01187233627272E-09,-76.9537440443805,-0.00113839893233041
5.62341325190349E-09,-76.9537440108697,-0.00113839892705099
6.30957344480193E-09,-76.9537440366615,-0.00113839893295056
7.07945784384138E-09,-76.9537440211738,-0.00113839893246351
7.94328234724282E-09,-76.953744013344,-0.00113839893035232
8.91250938133745E-09,-76.9537440208356,-0.00113839893154824
1E-08,-76.9537440377911,-0.001138398935055
1.12201845430196E-08,-76.9537440086552,-0.0011383989291265
1.25892541179417E-08,-76.9537440268517,-0.00113839893301807
1.41253754462275E-08,-76.953744027186,-0.00113839893631747
1.58489319246111E-08,-76.9537440077224,-0.00113839893409343
1.77827941003892E-08,-76.9537440050763,-0.00113839893590468
1.99526231496888E-08,-76.9537439616877,-0.00113839893229955
2.23872113856834E-08,-76.9537438968919,-0.00113839892428976
2.51188643150958E-08,-76.9537439774587,-0.00113839893526718
2.81838293126445E-08,-76.9537439286707,-0.00113839893652386
3.16227766016838E-08,-76.9537439064624,-0.00113839893417734
3.54813389233575E-08,-76.9537438876004,-0.00113839894014538
3.98107170553497E-08,-76.9537437823638,-0.00113839893283386
4.46683592150963E-08,-76.9537436936806,-0.00113839892976304
5.01187233627272E-08,-76.9537436671638,-0.00113839893721441
5.62341325190349E-08,-76.953743547877,-0.00113839893032917
6.30957344480193E-08,-76.9537434411615,-0.00113839893437313
7.07945784384138E-08,-76.9537432994613,-0.00113839893583042
7.94328234724281E-08,-76.95374303509,-0.00113839892847742
8.91250938133746E-08,-76.9537427941021,-0.00113839893020572
1E-07,-76.9537425154695,-0.00113839893517266
1.12201845430196E-07,-76.9537421422917,-0.0011383989397895
1.25892541179417E-07,-76.9537416205466,-0.00113839893629335
1.41253754462275E-07,-76.9537409767585,-0.00113839892952289
1.58489319246111E-07,-76.9537401944722,-0.00113839893348294
1.77827941003892E-07,-76.9537392077688,-0.0011383989348785
1.99526231496888E-07,-76.9537379526024,-0.00113839893799851
2.23872113856834E-07,-76.9537363682342,-0.00113839893806795
2.51188643150958E-07,-76.9537343802095,-0.0011383989388588
2.81838293126445E-07,-76.9537318862734,-0.00113839894004508
3.16227766016838E-07,-76.9537288171695,-0.00113839895316165
3.54813389233575E-07,-76.9537248368196,-0.0011383989570214
3.98107170553497E-07,-76.9537197909231,-0.0011383989522242
4.46683592150963E-07,-76.953713602242,-0.00113839896577864
5.01187233627272E-07,-76.9537057223199,-0.00113839897541064
5.62341325190349E-07,-76.9536957523993,-0.00113839898131888
6.30957344480193E-07,-76.9536832649577,-0.00113839899345943
7.07945784384138E-07,-76.953667595887,-0.00113839902014972
7.94328234724281E-07,-76.9536477508935,-0.0011383990351547
8.91250938133746E-07,-76.9536228783185,-0.00113839907124167
1E-06,-76.9535914293262,-0.00113839909577834
1.12201845430196E-06,-76.9535519554376,-0.00113839914114721
1.25892541179417E-06,-76.9535022579,-0.00113839920070031
1.41253754462275E-06,-76.9534396134278,-0.00113839926835771
1.58489319246111E-06,-76.9533608641934,-0.00113839936145741
1.77827941003892E-06,-76.9532616258576,-0.00113839946978679
1.99526231496888E-06,-76.9531367183371,-0.00113839960476404
2.23872113856834E-06,-76.9529795008777,-0.00113839978088682
2.51188643150958E-06,-76.9527815643884,-0.00113839999945907
2.81838293126445E-06,-76.9525323807863,-0.00113840027591977
3.16227766016838E-06,-76.9522186995584,-0.00113840062147491
3.54813389233575E-06,-76.9518238570677,-0.00113840106364132
3.98107170553497E-06,-76.9513268519299,-0.00113840162234462
4.46683592150963E-06,-76.9507011449276,-0.00113840231175842
5.01187233627272E-06,-76.9499136585432,-0.00113840319255845
5.62341325190349E-06,-76.9489223718909,-0.00113840428621634
6.30957344480193E-06,-76.9476748037978,-0.00113840567575132
7.07945784384138E-06,-76.9461047532726,-0.001138407426617
7.94328234724281E-06,-76.944128900236,-0.00113840962182394
8.91250938133746E-06,-76.9416427621033,-0.00113841238770692
1E-05,-76.9385150087617,-0.00113841587961533
1.12201845430196E-05,-76.9345805020415,-0.00113842026447685
1.25892541179417E-05,-76.9296323921767,-0.00113842579255763
1.41253754462276E-05,-76.9234110292865,-0.00113843274108896
1.58489319246111E-05,-76.9155915796427,-0.00113844149621984
1.77827941003892E-05,-76.905767433152,-0.00113845251703322
1.99526231496888E-05,-76.8934311867275,-0.00113846639157304
2.23872113856834E-05,-76.8779504880759,-0.00113848385219733
2.51188643150958E-05,-76.8585399247006,-0.00113850585079511
2.81838293126445E-05,-76.8342263685506,-0.00113853352729206
3.16227766016838E-05,-76.8038101794282,-0.00113856837613748
3.54813389233575E-05,-76.7658196910161,-0.00113861225022387
3.98107170553497E-05,-76.7184614174254,-0.00113866748632189
4.46683592150963E-05,-76.6595677158808,-0.00113873701269704
5.01187233627273E-05,-76.5865457696694,-0.00113882455835187
5.62341325190349E-05,-76.4963330914104,-0.00113893476293911
6.30957344480193E-05,-76.385370305044,-0.00113907350807683
7.07945784384137E-05,-76.2496013243841,-0.00113924818134291
7.94328234724282E-05,-76.0845167943634,-0.00113946806753604
8.91250938133746E-05,-75.8852556782082,-0.0011397448990749
0.0001,-75.6467764325456,-0.00114009340582183
0.000112201845430196,-75.3641033363984,-0.00114053216067155
0.000125892541179417,-75.0326365311882,-0.00114108452667075
0.000141253754462276,-74.6484989228034,-0.00114177991972426
0.000158489319246111,-74.208873815612,-0.00114265538691545
0.000177827941003892,-73.7122777856492,-0.00114375756095247
0.000199526231496888,-73.158717713409,-0.00114514515226743
0.000223872113856834,-72.5497001537615,-0.00114689208882249
0.000251188643150958,-71.888092007406,-0.00114909145028763
0.000281838293126446,-71.1778624560771,-0.00115186043925357
0.000316227766016838,-70.4237570039633,-0.00115534663731077
0.000354813389233575,-69.6309598479163,-0.00115973589258391
0.000398107170553497,-68.8047917978174,-0.00116526225965236
0.000446683592150963,-67.950473886474,-0.00117222052897531
0.000501187233627273,-67.0729688107014,-0.00118098203217882
0.000562341325190349,-66.1768981279977,-0.00119201458376202
0.000630957344480193,-65.2665247463662,-0.00120590765912198
0.000707945784384137,-64.3457877784319,-0.00122340420465706
0.000794328234724282,-63.4183775004458,-0.00124544086473434
0.000891250938133746,-62.4878418386877,-0.00127319890721729
0.001,-61.5577201118618,-0.00130817281454517
0.00112201845430196,-60.6241547190838,-0.00134784666291208
0.00125892541179417,-59.6822284397582,-0.00138792793545055
0.00141253754462276,-58.7337598468333,-0.0014276122071356
0.00158489319246111,-57.7801548746292,-0.00146624537803889
0.00177827941003892,-56.8224286545619,-0.00150340248445228
0.00199526231496888,-55.8612465329507,-0.00153893239262794
0.00223872113856834,-54.8969849485485,-0.00157296726506562
0.00251188643150958,-53.9298083554484,-0.00160590413455233
0.00281838293126445,-52.9597532896134,-0.00163836982170248
0.00316227766016838,-51.9868075977541,-0.00167117980969842
0.00354813389233575,-51.0109736029262,-0.00170529831526832
0.00398107170553497,-50.0323083992286,-0.00174180281959362
0.00446683592150963,-49.050940511247,-0.00178185338510057
0.00501187233627272,-48.0670672819598,-0.00182666609365522
0.00562341325190349,-47.0809399692029,-0.00187749121814126
0.00630957344480193,-46.0928435180493,-0.00193560011731623
0.00707945784384137,-45.1030762565319,-0.00200228956812201
0.00794328234724282,-44.1119325034542,-0.00207891679164458
0.00891250938133746,-43.1196891346351,-0.00216698060295001
0.01,-42.1265959149579,-0.00226826188571753
0.0112201845430196,-41.1328688961755,-0.00238502949682377
0.0125892541179417,-40.1386862432257,-0.00252030800477758
0.0141253754462276,-39.1441862485678,-0.00267819594490374
0.0158489319246111,-38.1494677609966,-0.00286422209439741
0.0177827941003892,-37.1545935297254,-0.00308573428372763
0.0199526231496888,-36.1595968465407,-0.00335232809694504
0.0223872113856834,-35.164491322893,-0.00367633668573285
0.0251188643150958,-34.1692828646047,-0.00407341355279361
0.0281838293126445,-33.1739822830763,-0.00456324571525916
0.0316227766016838,-32.1786168631716,-0.00517043565425692
0.0354813389233575,-31.1832397005179,-0.00592558831573079
0.0398107170553497,-30.1879365158474,-0.00686663499141889
0.0446683592150963,-29.1928305753517,-0.00804041863812063
0.0501187233627272,-28.1980869867612,-0.00950455307977045
0.0562341325190349,-27.2039179068486,-0.0113295484720022
0.0630957344480193,-26.2105901908211,-0.0136011639406328
0.0707945784384137,-25.2184369296007,-0.0164229031416553
0.0794328234724282,-24.2278743362688,-0.0199185116212385
0.0891250938133746,-23.2394256815775,-0.0242342787436246
0.1,-22.253754518743,-0.0295409258531514
0.11,-21.4391283967152,-0.0349521192727948
0.12,-20.6978142477822,-0.0408485922780152
0.13,-20.0182520759609,-0.0472223405819397
0.14,-19.3914538862181,-0.0540647474977834
0.15,-18.8102924082301,-0.0613666036423623
0.16,-18.2690198434392,-0.0691181277585138
0.17,-17.7629327701566,-0.0773089885630159
0.18,-17.2881329799038,-0.085928327523821
0.19,-16.8413530689328,-0.0949647824683208
0.2,-16.419826824287,-0.104406511922966
0.21,-16.0211912726353,-0.114241220083868
0.22,-15.6434115429178,-0.124456182317966
0.23,-15.284722451111,-0.13503827109496
0.24,-14.9435825325079,-0.145973982251466
0.25,-14.6186374697764,-0.157249461490625
0.26,-14.3086907037593,-0.168850531022809
0.27,-14.0126795991671,-0.180762716255859
0.28,-13.7296559520765,-0.192971272446697
0.29,-13.458769924355,-0.205461211229777
0.3,-13.1992567073969,-0.218217326942025
0.31,-12.950425377778,-0.2312242226682
0.32,-12.7116495269354,-0.2444663359354
0.33,-12.4823593370407,-0.257927963990123
0.34,-12.262034843774,-0.271593288596468
0.35,-12.0502001793411,-0.285446400299119
0.36,-11.8464186298469,-0.29947132209995
0.37,-11.6502883729627,-0.313652032502352
0.38,-11.4614387868633,-0.327972487882571
0.39,-11.2795272412389,-0.34241664415248
0.4,-11.104236297002,-0.356968477683369
0.41,-10.9352712539971,-0.371612005465154
0.42,-10.7723579962654,-0.38633130448031
0.43,-10.6152410927293,-0.401110530276484
0.44,-10.4636821179496,-0.415933934726078
0.45,-10.3174581631715,-0.430785882965438
0.46,-10.1763605124637,-0.445650869510231
0.47,-10.0401934625543,-0.46051353354744
0.48,-9.90877326812259,-0.475358673407789
0.49,-9.78192719694832,-0.490171260225924
0.5,-9.65949268152725,-0.504936450798436
0.51,-9.54131655562598,-0.519639599652834
0.52,-9.42725436582061,-0.53426627034293
0.53,-9.31716974939648,-0.548802245988427
0.54,-9.21093387112032,-0.563233539078594
0.55,-9.10842491236314,-0.577546400561528
0.56,-9.00952760688039,-0.591727328242317
0.57,-8.91413281826627,-0.605763074514499
0.58,-8.82213715471131,-0.619640653450516
0.59,-8.7334426172203,-0.633347347277748
0.6,-8.64795627790461,-0.646870712267353
0.61,-8.56558998536023,-0.660198584063896
0.62,-8.48626009448695,-0.673319082483911
0.63,-8.40988721840601,-0.686220615811937
0.64,-8.33639600039548,-0.69889188462265
0.65,-8.26571490399377,-0.711321885157534
0.66,-8.197776019623,-0.723499912284603
0.67,-8.13251488626227,-0.735415562069166
0.68,-8.0698703268574,-0.747058733983494
0.69,-8.00978429629183,-0.758419632782593
0.7,-7.9522017408662,-0.769488770072923
0.71,-7.89707046834231,-0.780256965600124
0.72,-7.84434102770366,-0.79071534828136
0.73,-7.79396659787061,-0.800855357006934
0.74,-7.74590288468453,-0.810668741235296
0.75,-7.70010802554355,-0.820147561404593
0.76,-7.65654250113399,-0.829284189183199
0.77,-7.61516905375572,-0.838071307580731
0.78,-7.57595261178948,-0.84650191094027
0.79,-7.53886021989798,-0.854569304831508
0.8,-7.50386097459311,-0.862267105863747
0.81,-7.47092596483691,-0.869589241436777
0.82,-7.44002821737756,-0.876529949446603
0.83,-7.41114264655049,-0.88308377796234
0.84,-7.38424600830248,-0.889245584889413
0.85,-7.3593168582207,-0.895010537633571
0.86,-7.33633551337176,-0.900374112779096
0.87,-7.31528401777623,-0.905332095793856
0.88,-7.29614611136363,-0.909880580772957
0.89,-7.27890720227027,-0.914015970231783
0.9,-7.26355434235904,-0.917734974958453
0.91,-7.25007620585577,-0.921034613934895
0.92,-7.23846307101098,-0.92391221433473
0.93,-7.22870680470985,-0.926365411605537
0.94,-7.22080084996592,-0.928392149642117
0.95,-7.21474021624691,-0.92999068105653
0.96,-7.21052147259257,-0.93115956754998
0.97,-7.20814274349639,-0.931897680390678
0.98,-7.20760370753454,-0.932204201001149
0.99,-7.20890559873613,-0.932078621657432
1,-7.21205121070048,-0.931520746302055
1.01,-7.21704490347832,-0.930530691471646
1.02,-7.22389261324447,-0.929108887339386
1.03,-7.23260186480221,-0.927256078871511
1.04,-7.24318178697001,-0.924973327096436
1.05,-7.25564313091467,-0.922262010484043
1.06,-7.26999829150702,-0.919123826431989
1.07,-7.28626133178974,-0.915560792854829
1.08,-7.30444801066119,-0.911575249871126
1.09,-7.32457581389379,-0.907169861582518
1.1,-7.34666398862187,-0.902347617938025
1.11,-7.37073358145044,-0.897111836675904
1.12,-7.39680748035541,-0.891466165334203
1.13,-7.42491046056551,-0.885414583320502
1.14,-7.45506923463762,-0.878961404030093
1.15,-7.48731250696146,-0.872111277000782
1.16,-7.52167103295486,-0.864869190091794
1.17,-7.55817768323966,-0.857240471672661
1.18,-7.59686751311936,-0.849230792807333
1.19,-7.63777783771401,-0.840846169417397
1.2,-7.68094831314611,-0.832092964407187
1.21,-7.72642102421307,-0.822977889732334
1.22,-7.77424057902931,-0.813508008392358
1.23,-7.82445421117228,-0.803690736326377
1.24,-7.87711188992557,-0.793533844190015
1.25,-7.93226643927665,-0.783045458990301
1.26,-7.98997366639966,-0.772234065554167
1.27,-8.05029250043498,-0.761108507804776
1.28,-8.11328514246862,-0.749677989818913
1.29,-8.17901722771788,-0.737952076637265
1.3,-8.24755800104502,-0.725940694798368
1.31,-8.31898050705261,-0.713654132565683
1.32,-8.39336179616192,-0.701103039816314
1.33,-8.47078314824458,-0.688298427558714
1.34,-8.55133031556843,-0.675251667045569
1.35,-8.63509378703688,-0.661974488447403
1.36,-8.72216907594908,-0.648478979051304
1.37,-8.81265703379265,-0.634777580948515
1.38,-8.90666419290662,-0.620883088173893
1.39,-9.00430314122617,-0.60680864325986
1.4,-9.10569293275193,-0.592567733166792
1.41,-9.2109595378844,-0.578174184551889
1.42,-9.32023633833925,-0.563642158338116
1.43,-9.43366467202872,-0.548986143545289
1.44,-9.55139443407106,-0.534220950345427
1.45,-9.67358474099878,-0.519361702305212
1.46,-9.80040466629873,-0.504423827779152
1.47,-9.93203405666545,-0.489423050418027
1.48,-10.0686644398199,-0.474375378758761
1.49,-10.2105000364843,-0.459297094863234
1.5,-10.3577588911657,-0.444204741975716
1.51,-10.5106741388608,-0.429115111170835
1.52,-10.6694954277255,-0.414045226966556
1.53,-10.8344905212864,-0.399012331879794
1.54,-11.0059471080142,-0.384033869905448
1.55,-11.1841748512336,-0.369127468903553
1.56,-11.3695077186019,-0.354310921883181
1.57,-11.5623066380519,-0.339602167176357
1.58,-11.7629625365059,-0.325019267500046
1.59,-11.9718998293034,-0.310580387909354
1.6,-12.1895804427493,-0.296303772650992
1.61,-12.4165084702811,-0.282207720931586
1.62,-12.6532355855242,-0.268310561621959
1.63,-12.9003673643762,-0.254630626924881
1.64,-13.1585707051148,-0.241186225040647
1.65,-13.4285825829545,-0.227995611871799
1.66,-13.7112204370052,-0.215076961815694
1.67,-14.0073945681304,-0.202448337700682
1.68,-14.3181230326171,-0.190127659929426
1.69,-14.6445496586176,-0.178132674900175
1.7,-14.9879660039956,-0.166480922784117
1.71,-15.3498383359116,-0.155189704744713
1.72,-15.7318410743763,-0.144276049691455
1.73,-16.1358986493977,-0.133756680668104
1.74,-16.5642384435552,-0.123647980981467
1.75,-17.0194585368634,-0.113965960183288
1.76,-17.504615510578,-0.104726220023638
1.77,-18.0233398812234,-0.095943920499067
1.78,-18.5799902936298,-0.0876337461236435
1.79,-19.1798632069099,-0.0798098725546604
1.8,-19.8294838885928,-0.0724859337079357
1.81,-20.5370197182402,-0.0656749894999141
1.82,-21.3128831322973,-0.0593894943550967
1.83,-22.1706391439102,-0.0536412666176559
1.84,-23.1284227423491,-0.0484414590056537
1.85,-24.2112532942711,-0.0438005302445921
1.86,-25.4550254345454,-0.0397282180143925
1.87,-26.9138792572838,-0.0362335133401183
1.88,-28.6750781950755,-0.0333246365523396
1.89,-30.8928916671519,-0.0310090149366274
1.9,-33.8803829369733,-0.0292932621855654
1.91,-38.4356763334618,-0.0281831597583382
1.92,-47.5035005475844,-0.0276836402446075
1.93,-44.7645278562623,-0.0277987728195799
1.94,-37.1922083970724,-0.0285317508669689
1.95,-33.0918987945242,-0.029884881835401
1.96,-30.3014259772586,-0.0318595793824286
1.97,-28.1886184981369,-0.0344563578474879
1.98,-26.4896510251578,-0.0376748290836654
1.99,-25.0697674875804,-0.0415137016641765
2,-23.8509454202296,-0.0459707824672763
2.01,-22.7839794960709,-0.0510429806298908
2.02,-21.835848813382,-0.0567263138477775
2.03,-20.9833209682174,-0.0630159169866323
2.04,-20.2094308586115,-0.0699060529570211
2.05,-19.5014118643546,-0.077390125793337
2.06,-18.8494154155233,-0.0854606958661124
2.07,-18.2456839957912,-0.094109497146204
2.08,-17.6839976577709,-0.103327456429097
2.09,-17.1592922464869,-0.113104714418834
2.1,-16.6673891497707,-0.123430648562543
2.11,-16.2047996429902,-0.134293897519512
2.12,-15.7685804173215,-0.145682387141849
2.13,-15.3562250262017,-0.157583357839302
2.14,-14.9655810445739,-0.169983393196105
2.15,-14.5947859654094,-0.182868449704304
2.16,-14.2422169701849,-0.196223887476642
2.17,-13.9064511215597,-0.210034501800126
2.18,-13.5862334884749,-0.224284555392046
2.19,-13.2804513812106,-0.238957811220589
2.2,-12.9881133443797,-0.254037565754191
2.21,-12.7083318924219,-0.269506682506688
2.22,-12.4403092162723,-0.285347625748072
2.23,-12.1833252691414,-0.301542494255857
2.24,-11.9367277725213,-0.318073054986262
2.25,-11.6999237835337,-0.334920776549928
2.26,-11.4723725405847,-0.352066862383187
2.27,-11.2535793623533,-0.369492283512462
2.28,-11.0430904199729,-0.387177810815211
2.29,-10.8404882371775,-0.405104046689269
2.3,-10.6453878005614,-0.423251456048675
2.31,-10.4574331837434,-0.441600396572012
2.32,-10.2762946064389,-0.460131148136506
2.33,-10.1016658632246,-0.478823941378817
2.34,-9.93326206788316,-0.49765898533096
2.35,-9.7708176682105,-0.516616494086705
2.36,-9.61408469349309,-0.535676712461359
2.37,-9.4628312028624,-0.554819940614917
2.38,-9.31683990767017,-0.574026557614653
2.39,-9.17590694510841,-0.593277043920244
2.4,-9.03984078368655,-0.612552002780662
2.41,-8.90846124400454,-0.631832180537304
2.42,-8.78159862062626,-0.651098485833901
2.43,-8.65909289284706,-0.670332007738526
2.44,-8.54079301382715,-0.689514032787912
2.45,-8.42655626898353,-0.708626060968438
2.46,-8.31624769574034,-0.727649820652284
2.47,-8.20973955776654,-0.746567282510921
2.48,-8.10691086770972,-0.765360672431132
2.49,-8.00764695318921,-0.784012483461829
2.5,-7.91183906146092,-0.802505486822412
2.51,-7.81938399872579,-0.820822742005652
2.52,-7.7301838005381,-0.838947606009794
2.53,-7.6441454301891,-0.856863741736577
2.54,-7.56118050230647,-0.87455512559266
2.55,-7.48120502922776,-0.892006054333259
2.56,-7.40413918798311,-0.909201151187619
2.57,-7.32990710596599,-0.926125371306381
2.58,-7.25843666358256,-0.942764006571026
2.59,-7.18965931235845,-0.959102689806347
2.6,-7.12350990714565,-0.975127398436132
2.61,-7.05992655121809,-0.99082445762236
2.62,-6.99885045317261,-1.00618054292811
2.63,-6.94022579466627,-1.02118268254335
2.64,-6.88399960812129,-1.03581825911266
2.65,-6.83012166361952,-1.05007501120311
2.66,-6.7785443642875,-1.06394103444955
2.67,-6.72922264954515,-1.07740478241412
2.68,-6.68211390565449,-1.09045506719551
2.69,-6.63717788306237,-1.10308105982279
2.7,-6.59437662008193,-1.11527229046752
2.71,-6.55367437250428,-1.12701864850713
2.72,-6.51503754877318,-1.13831038247086
2.73,-6.47843465039279,-1.14913809989944
2.74,-6.44383621727324,-1.1594927671478
2.75,-6.41121477774935,-1.16936570915965
2.76,-6.38054480303566,-1.17874860924145
2.77,-6.35180266590749,-1.18763350886211
2.78,-6.32496660342027,-1.19601280750437
2.79,-6.30001668350209,-1.203879262592
2.8,-6.27693477527361,-1.21122598951656
2.81,-6.25570452296855,-1.21804646178636
2.82,-6.23631132334507,-1.22433451131929
2.83,-6.21874230649452,-1.23008432889998
2.84,-6.20298631996945,-1.23529046482169
2.85,-6.18903391616701,-1.23994782973138
2.86,-6.17687734291778,-1.24405169569638
2.87,-6.16651053724318,-1.24759769750989
2.88,-6.15792912225744,-1.25058183425171
2.89,-6.15113040720234,-1.25300047111983
2.9,-6.14611339061531,-1.25485034154776
2.91,-6.14287876664339,-1.25612854962171
2.92,-6.14142893452721,-1.2568325728105
2.93,-6.14176801129183,-1.25696026502109
2.94,-6.14390184769238,-1.2565098599908
2.95,-6.14783804747576,-1.25547997502743
2.96,-6.15358599003147,-1.25386961510686
2.97,-6.161156856518,-1.25167817733712
2.98,-6.17056365956481,-1.24890545579738
2.99,-6.18182127666364,-1.2455516467584
3,-6.19494648737801,-1.24161735429104
3.01,-6.2099580145153,-1.23710359626756
3.02,-6.2268765694222,-1.23201181075975
3.03,-6.24572490158209,-1.22634386283643
3.04,-6.26652785271184,-1.2201020517619
3.05,-6.28931241557539,-1.21328911859509
3.06,-6.31410779775356,-1.20590825418808
3.07,-6.34094549063296,-1.19796310758082
3.08,-6.36985934390221,-1.18945779478714
3.09,-6.40088564587122,-1.18039690796553
3.1,-6.43406320995974,-1.17078552496569
3.11,-6.46943346773338,-1.16062921924012
3.12,-6.50704056890189,-1.14993407010755
3.13,-6.54693148873288,-1.13870667335231
3.14,-6.5891561433774,-1.12695415214127
3.15,-6.63376751365072,-1.1146841682369
3.16,-6.68082177786305,-1.10190493348206
3.17,-6.73037845435221,-1.08862522152851
3.18,-6.78250055443201,-1.07485437977787
3.19,-6.83725474653954,-1.06060234149964
3.2,-6.89471153244017,-1.04587963808715
3.21,-6.95494543643249,-1.03069741140768
3.22,-7.01803520858808,-1.01506742619861
3.23,-7.08406404316236,-0.999002082456685
3.24,-7.15311981342505,-0.982514427762214
3.25,-7.22529532428277,-0.965618169474871
3.26,-7.30068858420195,-0.948327686732105
3.27,-7.37940309809081,-0.930658042175352
3.28,-7.46154818296311,-0.912624993323342
3.29,-7.54723930838742,-0.894245003505382
3.3,-7.63659846392267,-0.875535252261236
3.31,-7.72975455595519,-0.856513645107745
3.32,-7.82684383658536,-0.837198822565502
3.33,-7.92801036746246,-0.817610168332327
3.34,-8.03340652173284,-0.797767816483587
3.35,-8.14319352754881,-0.777692657572723
3.36,-8.25754205687758,-0.757406343498764
3.37,-8.37663286364693,-0.736931291001354
3.38,-8.50065747555507,-0.716290683637711
3.39,-8.62981894414361,-0.695508472090255
3.4,-8.76433265796187,-0.674609372648439
3.41,-8.90442722380719,-0.653618863703745
3.42,-9.05034542106486,-0.632563180093026
3.43,-9.20234523402941,-0.611469305121947
3.44,-9.36070096667734,-0.590364960098934
3.45,-9.52570444355377,-0.569278591208406
3.46,-9.69766629905589,-0.54823935355303
3.47,-9.8769173551965,-0.527277092196318
3.48,-10.0638100845619,-0.506422320040403
3.49,-10.2587201501538,-0.485706192379062
3.5,-10.4620480064294,-0.465160477973388
3.51,-10.6742205351651,-0.444817526506407
3.52,-10.8956926743798,-0.424710232284755
3.53,-11.1269489765326,-0.404871994069172
3.54,-11.3685050007734,-0.385336670931829
3.55,-11.6209083992482,-0.366138534057375
3.56,-11.8847394937058,-0.34731221442605
3.57,-12.1606110478882,-0.328892646341056
3.58,-12.4491668118891,-0.310915006789454
3.59,-12.7510782303689,-0.293414650654743
3.6,-13.0670384437073,-0.276427041831071
3.61,-13.397752336451,-0.259987680323592
3.62,-13.7439208538273,-0.244132025455092
3.63,-14.1062170496992,-0.228895415337478
3.64,-14.4852502609439,-0.214312982806758
3.65,-14.8815133126741,-0.200419568060481
3.66,-15.2953056178836,-0.187249628279204
3.67,-15.7266223288296,-0.174837144555159
3.68,-16.1749963060065,-0.163215526493936
3.69,-16.6392758633827,-0.152417514896101
3.7,-17.1173179943914,-0.142475082966496
3.71,-17.605576534136,-0.133419336537229
3.72,-18.0985727105967,-0.125280413827655
3.73,-18.5882614759083,-0.118087385298113
3.74,-19.0633657077279,-0.11186815418634
3.75,-19.5088571589865,-0.106649358343671
3.76,-19.9059151759017,-0.102456274014223
3.77,-20.2328308544901,-0.0993127222248399
3.78,-20.4672848636307,-0.09724097847568
3.79,-20.5899965827335,-0.0962616864461293
3.8,-20.5888977231399,-0.0963937764564879
3.81,-20.4622120142684,-0.0976543894597253
3.82,-20.2189420495503,-0.100058807380348
3.83,-19.8765066663064,-0.103620390675214
3.84,-19.4567251576578,-0.108350524069187
3.85,-18.9818589988479,-0.114258571514702
3.86,-18.4718550117501,-0.121351841539408
3.87,-17.9430319071539,-0.129635564259467
3.88,-17.4078701495404,-0.139112881405753
3.89,-16.8754203461517,-0.14978485065418
3.9,-16.3519476497974,-0.161650465216537
3.91,-15.8415877039489,-0.174706688799102
3.92,-15.3469132335117,-0.18894850434456
3.93,-14.8693832898827,-0.204368972081005
3.94,-14.4096818812428,-0.220959288121771
3.95,-13.9679652083891,-0.238708829564015
3.96,-13.5440383931172,-0.257605167263907
3.97,-13.1374799336974,-0.277634026417992
3.98,-12.7477283364167,-0.298779182231377
3.99,-12.37414179373,-0.321022296799866
4,-12.0160388448627,-0.344342732071509
4.01,-11.6727257086484,-0.368717401550194
4.02,-11.3435143238429,-0.394120732544671
4.03,-11.0277339402208,-0.420524787779962
4.04,-10.7247382562935,-0.447899544548196
4.05,-10.4339095014626,-0.476213275794675
4.06,-10.1546604401243,-0.505432949242611
4.07,-9.88643498037966,-0.535524569635825
4.08,-9.62870786324543,-0.566453424029635
4.09,-9.3809837632285,-0.598184228488539
4.1,-9.14279602934554,-0.630681199852556
4.11,-8.91370522418895,-0.66390808427703
4.12,-8.69329756844311,-0.697828169974846
4.13,-8.4811833630153,-0.732404302263971
4.14,-8.27699543624649,-0.767598909918013
4.15,-8.08038764640531,-0.803374045262355
4.16,-7.89103345766149,-0.839691436698182
4.17,-7.70862459944457,-0.876512550710064
4.18,-7.53286981343248,-0.91379866008521
4.19,-7.36349368861069,-0.951510915400959
4.2,-7.20023558234989,-0.989610417401984
4.21,-7.04284862387865,-1.0280582884744
4.22,-6.89109879559983,-1.06681574193227
4.23,-6.74476408721819,-1.10584414823606
4.24,-6.60363371747129,-1.14510509756759
4.25,-6.46750741828503,-1.18456045840857
4.26,-6.33619477633969,-1.22417243192946
4.27,-6.2095146272789,-1.26390360210839
4.28,-6.0872944980906,-1.30371698157994
4.29,-5.96937009350696,-1.34357605326959
4.3,-5.85558482259624,-1.38344480790981
4.31,-5.7457893620373,-1.42328777756237
4.32,-5.63984125287437,-1.46307006529156
4.33,-5.53760452783545,-1.50275737114754
4.34,-5.43894936656335,-1.54231601462938
4.35,-5.34375177635053,-1.58171295380377
4.36,-5.25189329618782,-1.62091580126021
4.37,-5.16326072213286,-1.65989283708529
4.38,-5.07774585217984,-1.69861301903944
4.39,-4.99524524896697,-1.73704599011842
4.4,-4.91566001879717,-1.77516208368007
4.41,-4.8388956055718,-1.81293232631332
4.42,-4.76486159835024,-1.85032843862253
4.43,-4.69347155135217,-1.88732283409567
4.44,-4.62464281531746,-1.92388861621899
4.45,-4.5582963792325,-1.95999957399525
4.46,-4.49435672152299,-1.99563017601585
4.47,-4.43275166990274,-2.03075556323069
4.48,-4.37341226915639,-2.06535154055219
4.49,-4.31627265622015,-2.09939456742294
4.5,-4.26126994200844,-2.13286174746876
4.51,-4.20834409951397,-2.16573081735128
4.52,-4.15743785778331,-2.19798013492689
4.53,-4.10849660143795,-2.22958866681046
4.54,-4.06146827547076,-2.26053597543515
4.55,-4.01630329509993,-2.29080220569114
4.56,-3.97295446050548,-2.32036807121859
4.57,-3.93137687630879,-2.34921484042173
4.58,-3.8915278756824,-2.37732432226321
4.59,-3.85336694899886,-2.40467885188893
4.6,-3.8168556769425,-2.43126127612537
4.61,-3.78195766802027,-2.4570549388822
4.62,-3.7486385004172,-2.48204366648336
4.63,-3.71686566815123,-2.50621175293955
4.64,-3.68660853149143,-2.5295439451645
4.65,-3.65783827161486,-2.55202542812453
4.66,-3.63052784949191,-2.57364180989801
4.67,-3.60465196900717,-2.59437910660595
4.68,-3.58018704434648,-2.61422372715741
4.69,-3.55711117170845,-2.63316245773372
4.7,-3.53540410543408,-2.65118244591158
4.71,-3.51504723869085,-2.66827118429795
4.72,-3.49602358889945,-2.68441649351635
4.73,-3.47831778815454,-2.69960650434514
4.74,-3.46191607896716,-2.71382963876035
4.75,-3.44680631574953,-2.72707458957811
4.76,-3.43297797257641,-2.73933029832083
4.77,-3.42042215789666,-2.7505859308443
4.78,-3.40913163704107,-2.76083085015579
4.79,-3.39910086358674,-2.77005458571911
4.8,-3.39032602090695,-2.77824679837711
4.81,-3.38280507557387,-2.78539723981248
4.82,-3.37653784471136,-2.79149570520572
4.83,-3.37152607994439,-2.7965319774163
4.84,-3.3677735712983,-2.80049576059174
4.85,-3.36528627531658,-2.80337660057112
4.86,-3.36407247285833,-2.80516378876293
4.87,-3.36414296360202,-2.80584624529579
4.88,-3.36551130634617,-2.80541237611204
4.89,-3.36819411693814,-2.80384989722597
4.9,-3.37221143931607,-2.80114561752299
4.91,-3.37758721004042,-2.79728516914179
4.92,-3.38434984325173,-2.79225267158756
4.93,-3.39253297177689,-2.78603031226504
4.94,-3.40217639179067,-2.77859782228205
4.95,-3.41332727371204,-2.76993182284216
4.96,-3.42604172122983,-2.76000501616886
4.97,-3.4403867825165,-2.74878520029575
4.98,-3.45644303768004,-2.73623411033395
4.99,-3.47430788763489,-2.72230615670362
5,-3.49409960337943,-2.7069473085312
5.01,-3.51596192456479,-2.69009482197478
5.02,-3.54006813353702,-2.67167966878448
5.03,-3.5666209298514,-2.65163657206237
5.04,-3.59583651503944,-2.62993504871089
5.05,-3.62787599679032,-2.60667031113708
5.06,-3.66259928997929,-2.58233722331406
5.07,-3.6986714306919,-2.55873065800378
5.08,-3.72994044043409,-2.54238360136535
5.09,-3.72739744605633,-2.56134609752569
5.1,-3.5142796847781,-2.79103333497177
5.11,-1.7463282802976,-5.83311601408368
5.12,-1.26447333719608,-7.04493997565529
5.13,-2.70917659416941,-3.60619130628545
5.14,-3.19475615729967,-3.0287314598473
5.15,-3.42059932021734,-2.80818787842664
5.16,-3.55832442999433,-2.68689346704852
5.17,-3.65830988379294,-2.60484003948389
5.18,-3.73957276219204,-2.54168388553064
5.19,-3.81063484824483,-2.48887334508414
5.2,-3.87576170306796,-2.44231024867192
5.21,-3.93719444381622,-2.39990671982241
5.22,-3.99601241208761,-2.36067476537242
5.23,-4.05236683013946,-2.32447201017582
5.24,-4.10512649835726,-2.29235353476703
5.25,-4.15002420390273,-2.26874613050069
5.26,-4.17130190207001,-2.27670284036069
5.27,-4.28348002298019,-2.6109640435164
5.28,-4.52540751280601,-2.06675100807082
5.29,-4.5376871381649,-2.03955251787024
5.3,-4.58491621232289,-2.01110964334462
5.31,-4.64419199399206,-1.97912512309937
5.32,-4.70932990595497,-1.9454304937648
5.33,-4.7781305354871,-1.91090937725552
5.34,-4.84960043820215,-1.87602215026741
5.35,-4.9231938870965,-1.84104524352896
5.36,-4.99855156525404,-1.80616899179674
5.37,-5.0753938439301,-1.77154090766362
5.38,-5.15347109628905,-1.7372864255254
5.39,-5.2325379065295,-1.70351951832944
5.4,-5.31233835123264,-1.67034839960754
5.41,-5.39259688914943,-1.63787867521584
5.42,-5.4730123708292,-1.60621508906542
5.43,-5.55325399812662,-1.57546244673962
5.44,-5.63295869839988,-1.54572602726284
5.45,-5.71172970949178,-1.51711165192597
5.46,-5.78913635984556,-1.48972550164978
5.47,-5.86471514570121,-1.46367372863027
5.48,-5.93797228939267,-1.43906187755838
5.49,-6.00838802901313,-1.41599410708837
5.5,-6.07542295540979,-1.39457217660631
5.51,-6.13852679645651,-1.37489412971237
5.52,-6.19715018280674,-1.35705255422622
5.53,-6.25076017527994,-1.34113221169581
5.54,-6.29886081599955,-1.32720667406939
5.55,-6.34102094568601,-1.31533331263136
5.56,-6.37691359082909,-1.30554540328429
5.57,-6.4063757487071,-1.29783888705455
5.58,-6.42950793860003,-1.29214855036874
5.59,-6.4468595337793,-1.2883015357191
5.6,-6.45982107435754,-1.28591719792271
5.61,-6.47159095158748,-1.28416220158192
5.62,-6.49007831866309,-1.28103669074462
5.63,-6.53965890469951,-1.27065154294301
5.64,-6.74605294268958,-1.22621699259518
5.65,-9.06685242719092,-6.36895778752409
5.66,-5.71786089649687,-1.53896931065308
5.67,-5.86810826335487,-1.48070601077773
5.68,-5.86951978271299,-1.4810629561902
5.69,-5.82713311648834,-1.49735071327433
5.7,-5.76332647282615,-1.52165678431199
5.71,-5.68612316531765,-1.55141169962713
5.72,-5.59938691557361,-1.58551173740673
5.73,-5.50540858537264,-1.62338502737352
5.74,-5.40576974746176,-1.66468737930755
5.75,-5.30168446896146,-1.70918271702123
5.76,-5.19415099987357,-1.75668960538812
5.77,-5.08402484945628,-1.80705501946005
5.78,-4.97205634276548,-1.86014059372511
5.79,-4.85891113185462,-1.9158150810035
5.8,-4.74518221753133,-1.97395011234826
5.81,-4.63139767045085,-2.03441780803192
5.82,-4.51802617718748,-2.09708947161073
5.83,-4.40548150735014,-2.16183493828873
5.84,-4.29412646302921,-2.22852232677066
5.85,-4.18427658708033,-2.29701804160117
5.86,-4.0762037538773,-2.36718692903187
5.87,-3.97013968517598,-2.43889252282404
5.88,-3.86627939272407,-2.51199733698642
5.89,-3.7647845306278,-2.58636317559275
5.9,-3.66578663426942,-2.66185143848669
5.91,-3.56939022299089,-2.73832340755391
5.92,-3.47567574746531,-2.81564050232115
5.93,-3.38470236773032,-2.89366449651851
5.94,-3.29651055316262,-2.97225768928532
5.95,-3.21112450064635,-3.05128302613114
5.96,-3.12855437155319,-3.13060416572785
5.97,-3.04879835181154,-3.21008548919307
5.98,-2.97184454230762,-3.28959204878424
5.99,-2.89767268919795,-3.36898945288775
6,-2.82625576551634,-3.44814368387304
6.01,-2.7575614168387,-3.52692084478469
6.02,-2.69155328483427,-3.60518682995555
6.03,-2.62819222339256,-3.68280691341137
6.04,-2.56743742277943,-3.75964524736047
6.05,-2.50924745804847,-3.83556426106226
6.06,-2.45358127882745,-3.91042394786197
6.07,-2.40039915873165,-3.98408102505697
6.08,-2.34966362416196,-4.05638794737977
6.09,-2.30134038428603,-4.12719175005031
6.1,-2.25539928677575,-4.19633269132164
6.11,-2.21181532764045,-4.26364265688839
6.12,-2.17056974859166,-4.32894327902228
6.13,-2.13165126225696,-4.39204371128668
6.14,-2.09505745485057,-4.4527379844288
6.15,-2.0607964284631,-4.51080184960384
6.16,-2.02888876215072,-4.56598899020844
6.17,-1.99936989416371,-4.61802645169088
6.18,-1.97229305933413,-4.66660909773361
6.19,-1.94773295922028,-4.71139284866138
6.2,-1.92579040289997,-4.75198639088477
6.21,-1.90659824017787,-4.78794096158649
6.22,-1.8903290261374,-4.81873770841744
6.23,-1.87720501992757,-4.84377200046316
6.24,-1.86751134947211,-4.86233393339452
6.25,-1.86161348941085,-4.8735841586757
6.26,-1.85998062260511,-4.87652415364342
6.27,-1.86321698506232,-4.86996033156947
6.28,-1.87210384491913,-4.8524624349264
6.29,-1.88765498201992,-4.82231957218896
6.3,-1.91118724124298,-4.77750472978765
6.31,-1.94440131316589,-4.71567723976602
6.32,-1.98944535333008,-4.63429940186998
6.33,-2.04886155952107,-4.53106299260081
6.34,-2.12508724933129,-4.40513723521983
6.35,-2.2184619100236,-4.2606155820244
6.36,-2.32047989432971,-4.11598164019182
6.37,-2.39324769177777,-4.03022723308129
6.38,-2.32163929700552,-4.17235345174385
6.39,-1.89582901992292,-4.9721302864121
6.4,-1.11170387530243,-7.25783306082214
6.41,-0.448428091998908,-12.0759782704691
6.42,-0.172367225616878,-21.9174200001221
6.43,-0.138337842895928,-27.1942228083333
6.44,-0.19193818139785,-18.0059284150828
6.45,-0.264993398580833,-14.8018961620165
6.46,-0.334735911413737,-13.1032568883684
6.47,-0.395204777524899,-12.0541972716709
6.48,-0.445955894157243,-11.348388835224
6.49,-0.488135488905261,-10.8459947705839
6.5,-0.523176186469047,-10.4736708394301
6.51,-0.552394818428057,-10.1892033721311
6.52,-0.576896290787135,-9.96659202864003
6.53,-0.597576896693513,-9.78896419121522
6.54,-0.615155236311768,-9.6449040129187
6.55,-0.630206407537171,-9.52641857235245
6.56,-0.64319203852237,-9.42774874582765
6.57,-0.654484660628911,-9.34464243002689
6.58,-0.664386854511091,-9.27389345913964
6.59,-0.673146095150017,-9.21303960269883
6.6,-0.68096622061968,-9.16015921815535
6.61,-0.688016304294171,-9.11373097956953
6.62,-0.694437545903559,-9.07253502834475
6.63,-0.700348653040695,-9.03558197772283
6.64,-0.705850069845182,-9.00206104719753
6.65,-0.711027321474336,-8.97130158711022
6.66,-0.715953676648865,-8.94274413805011
6.67,-0.720692281044767,-8.91591838647289
6.68,-0.725297877412288,-8.89042617973721
6.69,-0.729818200780777,-8.86592830190837
6.7,-0.734295116503849,-8.84213407902046
6.71,-0.738765553399806,-8.81879313715549
6.72,-0.743262272515864,-8.7956888157956
6.73,-0.747814503117262,-8.77263286654525
6.74,-0.752448470658126,-8.74946115942598
6.75,-0.757187836204252,-8.72603018619463
6.76,-0.762054062659382,-8.70221419979036
6.77,-0.767066719905338,-8.67790286608484
6.78,-0.77224373838418,-8.65299933209363
6.79,-0.77760161855914,-8.62741863618405
6.8,-0.78315560195952,-8.60108640237005
6.81,-0.78891980803554,-8.57393777382425
6.82,-0.794907339730954,-8.54591655124204
6.83,-0.801130359437153,-8.51697451043088
6.84,-0.807600135734783,-8.48707088110678
6.85,-0.814327059953875,-8.45617197593534
6.86,-0.821320629960692,-8.42425096595122
6.87,-0.828589396526371,-8.39128780631558
6.88,-0.836140864881996,-8.357269325841
6.89,-0.843981340205671,-8.32218950613868
6.9,-0.852115700166523,-8.28604999366241
6.91,-0.860547069199707,-8.24886091362959
6.92,-0.869276356105436,-8.21064209433868
6.93,-0.878301595735606,-8.17142487343614
6.94,-0.887617001380499,-8.13125476162575
6.95,-0.897211576692316,-8.09019541668654
6.96,-0.90706703480031,-8.0483346947363
6.97,-0.917154588042637,-8.00579412508242
6.98,-0.927429821038613,-7.9627442752046
6.99,-0.937824156840584,-7.91943075956883
7,-0.948229928297756,-7.87622062765669
7.01,-0.958472634456254,-7.83369059984319
7.02,-0.96825535810989,-7.79280906660044
7.03,-0.977036177001795,-7.75535319482302
7.04,-0.983720894035084,-7.72501242830114
7.05,-0.985741001061714,-7.71099003124308
7.06,-0.975417249317892,-7.74462830953159
7.07,-0.918614358246334,-8.04243250203585
7.08,-1.92606137430313,-6.66664538416812
7.09,-1.23143618179094,-7.07111101975152
7.1,-1.18604395578732,-7.12601322723355
7.11,-1.1808653518571,-7.11494345669999
7.12,-1.18703347085797,-7.08229786381297
7.13,-1.1981224114874,-7.03993350331091
7.14,-1.21188658669076,-6.99239207902318
7.15,-1.22732626980669,-6.94183029178651
7.16,-1.24391770639024,-6.88944121633885
7.17,-1.26134927235848,-6.83597017730604
7.18,-1.27941389714233,-6.78193326858996
7.19,-1.29795940780568,-6.72772082382869
7.2,-1.31686335387725,-6.67365068602201
7.21,-1.33601927311401,-6.61999743872044
7.22,-1.355328757318,-6.56700923017255
7.23,-1.37469667197964,-6.51491777771107
7.24,-1.3940282060601,-6.46394441160571
7.25,-1.41322705529898,-6.41430370106571
7.26,-1.43219435762162,-6.36620553341895
7.27,-1.45082816527801,-6.31985615861228
7.28,-1.46902332892938,-6.27545851197487
7.29,-1.48667171922474,-6.23321201423842
7.3,-1.50366273913727,-6.19331198118213
7.31,-1.51988409471325,-6.15594873584277
7.32,-1.53522279800228,-6.12130649285909
7.33,-1.54956637673687,-6.08956207084436
7.34,-1.56280426266594,-6.06088348089039
7.35,-1.57482932561899,-6.03542843504811
7.36,-1.58553951440762,-6.01334281637486
7.37,-1.59483955944798,-5.99475915085696
7.38,-1.60264268632773,-5.97979512049125
7.39,-1.60887228519348,-5.96855215553179
7.4,-1.61346347846113,-5.96111414202537
7.41,-1.61636452947947,-5.95754627804185
7.42,-1.61753803775786,-5.9578941083441
7.43,-1.61696187232532,-5.96218276259836
7.44,-1.61462980359763,-5.97041641669776
7.45,-1.61055180540902,-5.98257799048089
7.46,-1.60475401200172,-5.99862908831384
7.47,-1.59727832896247,-6.01851018190621
7.48,-1.58818171144093,-6.04214102765576
7.49,-1.5775351365498,-6.06942130404467
7.5,-1.56542230876493,-6.10023144841864
7.51,-1.55193814669952,-6.13443366711095
7.52,-1.53718710631687,-6.17187308851578
7.53,-1.52128139921419,-6.2123790254836
7.54,-1.50433916505612,-6.25576631137745
7.55,-1.48648265479751,-6.30183667327166
7.56,-1.46783647643481,-6.350380106025
7.57,-1.4485259482277,-6.40117621220172
7.58,-1.42867559626313,-6.45399547487152
7.59,-1.40840782453235,-6.50860043301499
7.6,-1.38784177694632,-6.56474673238919
7.61,-1.36709240243318,-6.62218402806262
7.62,-1.34626972684005,-6.68065671822703
7.63,-1.32547832907853,-6.73990449215211
7.64,-1.30481701397382,-6.79966267812204
7.65,-1.28437867066344,-6.85966237974753
7.66,-1.26425030312452,-6.9196303910805
7.67,-1.24451321840986,-6.97928888238844
7.68,-1.22524335832829,-7.03835484920205
7.69,-1.20651176148376,-7.09653931728403
7.7,-1.18838514466621,-7.15354629542265
7.71,-1.17092659545863,-7.20907146639875
7.72,-1.15419637151731,-7.26280060404402
7.73,-1.13825280626822,-7.31440770094964
7.74,-1.12315332576605,-7.36355278702378
7.75,-1.10895558727506,-7.40987941363327
7.76,-1.09571875691497,-7.45301177139979
7.77,-1.08350495172578,-7.49255140169928
7.78,-1.07238088110235,-7.52807345240642
7.79,-1.06241973422772,-7.55912241725004
7.8,-1.05370337455089,-7.5852072851657
7.81,-1.04632492037738,-7.60579601113705
7.82,-1.04039181339452,-7.62030920322296
7.83,-1.03602950588648,-7.62811290202574
7.84,-1.03338593433755,-7.62851030947402
7.85,-1.03263699434301,-7.62073230499101
7.86,-1.03399329194117,-7.60392657191851
7.87,-1.03770852263228,-7.57714515105191
7.88,-1.04408992428953,-7.53933025151513
7.89,-1.05351136547644,-7.48929820017429
7.9,-1.0664297642989,-7.42572153175515
7.91,-1.08340567411804,-7.34710947030519
7.92,-1.10512899175465,-7.25178753097942
7.93,-1.13245077307006,-7.13787786238169
7.94,-1.16642193472273,-7.00328358336137
7.95,-1.20833888438567,-6.8456833415805
7.96,-1.25979427672751,-6.66254772399573
7.97,-1.32272704549481,-6.45119897650478
7.98,-1.39945763248072,-6.20895338362966
7.99,-1.49267856710502,-5.9334181680126
8,-1.60534222652484,-5.62307318149628
